movie_title,release_date,MovieSuccessLevel,director,director_pop,ActorsAvg,_is_G,_is_Not Rated,_is_PG,_is_PG-13,_is_R,_is_Action,_is_Adventure,_is_Black Comedy,_is_Comedy,_is_Concert/Performance,_is_Documentary,_is_Drama,_is_Horror,_is_Musical,_is_Romantic Comedy,_is_Thriller/Suspense,_is_Western,IsAnimation
Recess: School's Out,2001.126027,C,Chuck Sheetz,0.98,5.509169281,1,0,0,0,0,0,0,0,1,0,0,0,0,0,0,0,0,0
D2: The Mighty Ducks,1994.232877,B,Sam Weisman,1.52,5.509169281,0,0,1,0,0,0,0,0,1,0,0,0,0,0,0,0,0,0
Home on the Range,2004.252055,C,Will Finn,0.635,8.2235,0,0,1,0,0,0,0,0,1,0,0,0,0,0,0,0,0,1
Young Black Stallion,2003.972603,D,Simon Wincer,6.723,5.509169281,1,0,0,0,0,0,1,0,0,0,0,0,0,0,0,0,0,0
What's Love Got to Do With It,1993.435616,B,Brian Gibson,0.6,5.509169281,0,0,0,0,1,0,0,0,0,0,0,1,0,0,0,0,0,0
Lady and the Tramp,1955.471233,S,Hamilton Luske,3.314126411,1.507272727,1,0,0,0,0,0,0,0,0,0,0,1,0,0,0,0,0,1
Corky Romano,2001.772603,C,Rob Pritts,0.6,5.509169281,0,0,0,1,0,0,0,0,1,0,0,0,0,0,0,0,0,0
The Waterboy,1998.838356,A,Frank Coraci,3.888,5.509169281,0,0,0,1,0,0,0,0,1,0,0,0,0,0,0,0,0,0
Captain America: The Winter Soldier,2014.257534,A,Anthony Russo,2.693,5.509169281,0,0,0,1,0,1,0,0,0,0,0,0,0,0,0,0,0,0
Pirates of the Caribbean: Dead ManÃ¢ÂÂÃ¢ÂÂ¦,2006.512329,S,Gore Verbinski,4.843,5.509169281,0,0,0,1,0,0,1,0,0,0,0,0,0,0,0,0,0,0
Ladder 49,2004.742466,B,Jay Russell,0.667,5.509169281,0,0,0,1,0,1,0,0,0,0,0,0,0,0,0,0,0,0
Coyote Ugly,2000.586301,B,David McNally,0.6,5.509169281,0,0,0,1,0,0,0,0,0,0,0,1,0,0,0,0,0,0
The Sixth Man,1997.241096,C,Randall Miller,0.84,5.509169281,0,0,0,1,0,0,0,0,1,0,0,0,0,0,0,0,0,0
Dick Tracy,1990.452055,A,Warren Beatty,5.574,5.509169281,0,0,1,0,0,1,0,0,0,0,0,0,0,0,0,0,0,0
Sister Act 2 Back in the Habit,1993.931507,B,Bill Duke,6.304,5.509169281,0,0,1,0,0,0,0,0,1,0,0,0,0,0,0,0,0,0
DuckTales: The Movie - Treasure of thÃ¢ÂÂ¦,1990.583562,C,,3.314126411,5.509169281,1,0,0,0,0,0,1,0,0,0,0,0,0,0,0,0,0,0
Blame it on the Bellboy,1992.180822,D,Mark Herman,0.961,5.509169281,0,0,0,1,0,0,0,0,1,0,0,0,0,0,0,0,0,0
The Hunchback of Notre Dame,1996.468493,B,Gary Trousdale,3.308,5.404181818,1,0,0,0,0,0,1,0,0,0,0,0,0,0,0,0,0,1
Ernest Goes to Jail,1990.263014,C,John R. Cherry III,1.676,5.509169281,0,0,1,0,0,0,0,0,1,0,0,0,0,0,0,0,0,0
Ant-Man,2015.539726,B,Peyton Reed,1.928,5.509169281,0,0,0,1,0,1,0,0,0,0,0,0,0,0,0,0,0,0
The Shaggy Dog,2006.191781,B,Brian Robbins,1.338,5.509169281,0,0,1,0,0,0,0,0,1,0,0,0,0,0,0,0,0,0
The Life Aquatic with Steve Zissou,2004.931507,C,Wes Anderson,8.151,5.509169281,0,0,0,0,1,0,0,0,1,0,0,0,0,0,0,0,0,0
Bridge to Terabithia,2007.126027,B,GÃÂ¡bor CsupÃÂ³,1.191,5.509169281,0,0,1,0,0,0,0,0,0,0,0,1,0,0,0,0,0,0
Beauty and the Beast,1991.857534,A,Gary Trousdale,3.314126411,5.509169281,1,0,0,0,0,0,0,0,0,0,0,0,0,1,0,0,0,0
Miami Rhapsody,1995.073973,D,David Frankel,0.785,5.509169281,0,0,0,1,0,0,0,0,0,0,0,0,0,0,1,0,0,0
A Bug's Life,1998.876712,A,John Lasseter,4.693,5.509169281,1,0,0,0,0,0,1,0,0,0,0,0,0,0,0,0,0,0
3 Men and a Little Lady,1990.879452,B,Emile Ardolino,4.922,5.509169281,0,0,1,0,0,0,0,0,1,0,0,0,0,0,0,0,0,0
The Puppet Masters,1994.79726,D,Stuart Orme,0.6,5.509169281,0,0,0,0,1,0,0,0,0,0,0,0,1,0,0,0,0,0
Signs,2002.580822,A,M. Night Shyamalan,8.849,5.509169281,0,0,0,1,0,0,0,0,0,0,0,0,0,0,0,1,0,0
Dead Presidents,1995.750685,C,Albert Hughes,3.681,5.509169281,0,0,0,0,1,0,0,0,0,0,0,1,0,0,0,0,0,0
"McFarland, USA",2015.136986,C,Niki Caro,1.835,5.509169281,0,0,1,0,0,0,0,0,0,0,0,1,0,0,0,0,0,0
George Of The Jungle,1997.536986,B,Sam Weisman,1.52,5.509169281,0,0,1,0,0,0,0,0,1,0,0,0,0,0,0,0,0,0
Bound by Honor,1993.290411,D,Taylor Hackford,2.461,5.509169281,0,0,0,0,1,0,0,0,0,0,0,0,0,0,0,0,0,0
The Avengers,2012.339726,S,Joss Whedon,5.923,5.509169281,0,0,0,1,0,1,0,0,0,0,0,0,0,0,0,0,0,0
Ten Things I Hate About You,1999.249315,C,Gil Junger,3.76,5.509169281,0,0,0,1,0,0,0,0,0,0,0,0,0,0,1,0,0,0
Earth,2009.306849,C,Kevin Nolting,0.828,5.509169281,1,0,0,0,0,0,0,0,0,0,1,0,0,0,0,0,0,0
Hello Again,1987.838356,C,Frank Perry,0.6,5.509169281,0,0,0,0,0,0,0,0,1,0,0,0,0,0,0,0,0,0
When a Man Loves a Woman,1994.326027,B,Luis Mandoki,0.84,5.509169281,0,0,0,0,1,0,0,0,0,0,0,1,0,0,0,0,0,0
Unbreakable,2000.882192,B,M. Night Shyamalan,8.849,5.509169281,0,0,0,1,0,0,0,0,0,0,0,0,0,0,0,1,0,0
3 Men and a Baby,1987.890411,A,Leonard Nimoy,6.062,5.509169281,0,0,1,0,0,0,0,0,1,0,0,0,0,0,0,0,0,0
X Games 3D: The Movie,2009.632877,D,Steven Lawrence,0.6,5.509169281,0,0,1,0,0,0,0,0,0,0,1,0,0,0,0,0,0,0
Cars 2,2011.476712,A,John Lasseter,4.693,5.509169281,1,0,0,0,0,0,1,0,0,0,0,0,0,0,0,0,0,0
The Princess Diaries 2: Royal Engagement,2004.605479,B,Gidion Phillips,0.6,5.509169281,1,0,0,0,0,0,0,0,0,0,0,0,0,0,1,0,0,0
The Jungle Book 2,2003.120548,C,Steve Trenbirth,0.6,5.509169281,1,0,0,0,0,0,1,0,0,0,0,0,0,0,0,0,0,0
Aspen Extreme,1993.060274,D,Patrick Hasburgh,1.4,5.509169281,0,0,0,1,0,0,0,0,0,0,0,0,0,0,1,0,0,0
Noises Off...,1992.219178,D,Peter Bogdanovich,5.723,5.509169281,0,0,0,1,0,0,0,0,1,0,0,0,0,0,0,0,0,0
He Got Game,1998.331507,C,Spike Lee,5.116,5.509169281,0,0,0,0,1,0,0,0,0,0,0,1,0,0,0,0,0,0
Bringing Down the House,2003.183562,B,Adam Shankman,2.069,5.509169281,0,0,0,1,0,0,0,0,1,0,0,0,0,0,0,0,0,0
Bon Voyage!,1962.375342,B,Jean-Paul Rappeneau,0.84,5.509169281,0,1,0,0,0,0,0,0,1,0,0,0,0,0,0,0,0,0
Doctor Strange,2016.832877,A,Scott Derrickson,3.253,5.509169281,0,0,0,1,0,0,1,0,0,0,0,0,0,0,0,0,0,0
Flubber,1997.893151,B,Les Mayfield,2.115,5.509169281,0,0,1,0,0,0,0,0,1,0,0,0,0,0,0,0,0,0
Roving Mars,2006.073973,D,George Butler,0.917,5.509169281,1,0,0,0,0,0,0,0,0,0,1,0,0,0,0,0,0,0
Captain Ron,1992.706849,C,Thom Eberhardt,1.296,5.509169281,0,0,0,1,0,0,0,0,1,0,0,0,0,0,0,0,0,0
Shadow Conspiracy,1997.084932,D,George P. Cosmatos,2.841,5.509169281,0,0,0,0,1,0,0,0,0,0,0,0,0,0,0,1,0,0
Good Morning Vietnam,1987.967123,A,Barry Levinson,4.33,5.509169281,0,0,0,0,1,0,0,0,1,0,0,0,0,0,0,0,0,0
Babes in Toyland,1961.942466,B,Charley Rogers,1.62,5.509169281,1,0,0,0,0,0,0,0,0,0,0,0,0,1,0,0,0,0
An Innocent Man,1989.756164,C,Peter Yates,1.185,5.509169281,0,0,0,0,1,0,0,0,0,0,0,1,0,0,0,0,0,0
Summer of Sam,1999.49863,C,Spike Lee,5.116,5.509169281,0,0,0,0,1,0,0,0,0,0,0,1,0,0,0,0,0,0
The Good Dinosaur,2015.890411,B,Peter Sohn,3.161,5.509169281,0,0,1,0,0,0,1,0,0,0,0,0,0,0,0,0,0,0
Angels in the Outfield,1994.534247,B,William Dear,1.535,5.509169281,0,0,1,0,0,0,0,0,1,0,0,0,0,0,0,0,0,0
Tough Guys,1986.747945,C,Jeff Kanew,2.131,5.509169281,0,0,0,0,0,0,0,0,1,0,0,0,0,0,0,0,0,0
Something Wicked This Way Comes,1983.326027,D,Jack Clayton,1.176,5.509169281,0,0,0,0,0,0,0,0,0,0,0,0,1,0,0,0,0,0
The Rocketeer,1991.468493,B,Joe Johnston,5.45,5.509169281,0,0,1,0,0,1,0,0,0,0,0,0,0,0,0,0,0,0
Stakeout,1987.589041,B,John Badham,2.835,5.509169281,0,0,0,0,1,0,0,0,1,0,0,0,0,0,0,0,0,0
National Treasure 2: Book of Secrets,2007.961644,A,Jon Turteltaub,3.603,5.509169281,0,0,1,0,0,0,1,0,0,0,0,0,0,0,0,0,0,0
Terminal Velocity,1994.720548,C,Deran Sarafian,2.799,5.509169281,0,0,0,1,0,1,0,0,0,0,0,0,0,0,0,0,0,0
Apocalypto,2006.926027,C,Mel Gibson,27.288,5.509169281,0,0,0,0,1,0,1,0,0,0,0,0,0,0,0,0,0,0
Invincible,2006.643836,B,Ericson Core,1.565,5.509169281,0,0,1,0,0,0,0,0,0,0,0,1,0,0,0,0,0,0
25th Hour,2002.956164,D,Spike Lee,5.116,5.509169281,0,0,0,0,1,0,0,0,0,0,0,1,0,0,0,0,0,0
Mighty Joe Young,1998.972603,B,Ron Underwood,1.948,5.509169281,0,0,1,0,0,0,1,0,0,0,0,0,0,0,0,0,0,0
Deceived,1991.731507,C,Damian Harris,0.6,5.509169281,0,0,0,1,0,0,0,0,0,0,0,0,0,0,0,1,0,0
Never Cry Wolf,1983.758904,B,Carroll Ballard,0.828,5.509169281,0,0,0,0,0,0,0,0,0,0,0,1,0,0,0,0,0,0
G-Force,2009.558904,B,Hoyt Yeatman,2.63,5.509169281,0,0,1,0,0,0,1,0,0,0,0,0,0,0,0,0,0,0
Feast of July,1995.775342,D,Christopher Menaul,0.94,5.509169281,0,0,0,0,1,0,0,0,0,0,0,1,0,0,0,0,0,0
The Lookout,2007.246575,D,Scott Frank,8.517,5.509169281,0,0,0,0,1,0,0,0,0,0,0,1,0,0,0,0,0,0
Cool Runnings,1993.742466,B,Jon Turteltaub,3.603,5.509169281,0,0,1,0,0,0,0,0,1,0,0,0,0,0,0,0,0,0
Alice Through the Looking Glass,2016.40274,B,James Bobin,1.478,5.509169281,0,0,1,0,0,0,1,0,0,0,0,0,0,0,0,0,0,0
The Devil and Max Devlin,1981.00274,C,Steven Hilliard Stern,1.105,5.509169281,0,0,0,0,0,0,0,0,0,0,0,0,0,0,0,0,0,0
The Chronicles of Narnia: Prince Caspian,2008.372603,B,Andrew Adamson,4.804,5.509169281,0,0,1,0,0,0,1,0,0,0,0,0,0,0,0,0,0,0
The Insider,1999.835616,C,Michael Mann,7.666,5.509169281,0,0,0,0,1,0,0,0,0,0,0,1,0,0,0,0,0,0
Camp Nowhere,1994.646575,C,Jonathan Prince,1.4,5.509169281,0,0,1,0,0,0,0,0,1,0,0,0,0,0,0,0,0,0
The Rock,1996.430137,A,Gary J. Tunnicliffe,1.411,5.509169281,0,0,0,0,1,1,0,0,0,0,0,0,0,0,0,0,0,0
Green Card,1990.972603,C,Peter Weir,2.235,5.509169281,0,0,0,1,0,0,0,0,0,0,0,0,0,0,1,0,0,0
Real Steel,2011.758904,B,Shawn Levy,27.03,5.509169281,0,0,0,1,0,1,0,0,0,0,0,0,0,0,0,0,0,0
A Kid in King Arthur's Court,1995.605479,C,Michael Gottlieb,1.62,5.509169281,0,0,1,0,0,0,1,0,0,0,0,0,0,0,0,0,0,0
The Last Flight of NoahÃ¢ÂÂs Ark,1980.479452,C,Charles Jarrott,0.608,5.509169281,0,0,0,0,0,0,0,0,0,0,0,0,0,0,0,0,0,0
African Cats,2011.306849,D,Alastair Fothergill,1.094,5.509169281,1,0,0,0,0,0,0,0,0,0,1,0,0,0,0,0,0,0
Toy Story 3D Double Feature,2009.745205,C,,3.314126411,5.509169281,1,0,0,0,0,0,1,0,0,0,0,0,0,0,0,0,0,0
Into the Woods,2014.972603,B,Rob Marshall,1.254,5.509169281,0,0,1,0,0,0,0,0,0,0,0,0,0,1,0,0,0,0
Finding Nemo,2003.410959,S,Andrew Stanton,6.106,5.509169281,1,0,0,0,0,0,1,0,0,0,0,0,0,0,0,0,0,0
The Good Mother,1988.832877,D,Leonard Nimoy,6.062,5.509169281,0,0,0,0,0,0,0,0,0,0,0,1,0,0,0,0,0,0
The Hundred-Foot Journey,2014.59726,C,Lasse HallstrÃÂ¶m,1.688,5.509169281,0,0,1,0,0,0,0,0,0,0,0,0,0,0,1,0,0,0
Pearl Harbor,2001.39726,A,Michael Rosenfeld,0.608,5.509169281,0,0,0,1,0,1,0,0,0,0,0,0,0,0,0,0,0,0
Pirates of the Caribbean: At WorldÃ¢ÂÂÃ¢ÂÂ¦,2007.394521,A,Gore Verbinski,4.843,5.509169281,0,0,0,1,0,0,1,0,0,0,0,0,0,0,0,0,0,0
Color of Night,1994.627397,C,Richard Rush,0.6,5.509169281,0,0,0,0,1,0,0,0,0,0,0,0,0,0,0,1,0,0
Romy and Michele's High School Reunion,1997.315068,C,David Mirkin,1.149,5.509169281,0,0,0,0,1,0,0,0,1,0,0,0,0,0,0,0,0,0
Cheetah,1989.624658,D,Jeff Blyth,0.6,5.509169281,0,0,0,0,0,0,1,0,0,0,0,0,0,0,0,0,0,0
Jack,1996.6,B,Francis Ford Coppola,9.576,5.509169281,0,0,0,1,0,0,0,0,0,0,0,1,0,0,0,0,0,0
Monsters University,2013.468493,A,Dan Scanlon,2.265,5.509169281,1,0,0,0,0,0,1,0,0,0,0,0,0,0,0,0,0,0
The Fifth Estate,2013.789041,D,Bill Condon,4.642,5.509169281,0,0,0,0,1,0,0,0,0,0,0,1,0,0,0,0,0,0
Before and After,1996.145205,D,Barbet Schroeder,0.716,5.509169281,0,0,0,1,0,0,0,0,0,0,0,1,0,0,0,0,0,0
Moonlight Mile,2002.731507,D,Brad Silberling,2.286,5.509169281,0,0,0,1,0,0,0,0,0,0,0,1,0,0,0,0,0,0
A Stranger Among Us,1992.539726,C,Sidney Lumet,2.183,5.509169281,0,0,0,1,0,0,0,0,0,0,0,1,0,0,0,0,0,0
The Lizzie McGuire Movie,2003.334247,C,Jim Fall,1.193,5.509169281,0,0,1,0,0,0,0,0,1,0,0,0,0,0,0,0,0,0
Krippendorf's Tribe,1998.156164,D,Todd Holland,3.026,5.509169281,0,0,0,1,0,0,0,0,1,0,0,0,0,0,0,0,0,0
crazy/beautiful,2001.490411,C,John Stockwell,4.363,5.509169281,0,0,0,1,0,0,0,0,0,0,0,1,0,0,0,0,0,0
Adventures in Babysitting,1987.50137,B,Chris Columbus,4.321,5.509169281,0,0,0,0,0,0,0,0,1,0,0,0,0,0,0,0,0,0
The Game Plan,2007.717808,B,Andy Fickman,1.615,5.509169281,0,0,1,0,0,0,0,0,1,0,0,0,0,0,0,0,0,0
Splash,1984.189041,B,Ron Howard,5.634,5.509169281,0,0,1,0,0,0,0,0,1,0,0,0,0,0,0,0,0,0
Who Framed Roger Rabbit?,1988.471233,A,Robert Zemeckis,8.964,5.509169281,0,0,1,0,0,0,0,0,1,0,0,0,0,0,0,0,0,0
The Light Between Oceans,2016.663014,D,Derek Cianfrance,0.98,5.509169281,0,0,0,1,0,0,0,0,0,0,0,1,0,0,0,0,0,0
The Guardian,2006.736986,B,Mark J. Doddy,0.608,5.509169281,0,0,0,1,0,1,0,0,0,0,0,0,0,0,0,0,0,0
The Sword in the Stone,1963.972603,B,Wolfgang Reitherman,2.833,3.9452,0,0,0,0,0,0,1,0,0,0,0,0,0,0,0,0,0,1
Mr. Holland's Opus,1995.983562,B,Stephen Herek,3.184,5.509169281,0,0,1,0,0,0,0,0,0,0,0,1,0,0,0,0,0,0
The Rescuers Down Under,1990.865753,C,Mike Gabriel,1.22,5.30075,1,0,0,0,0,0,1,0,0,0,0,0,0,0,0,0,0,1
The Preacher's Wife,1996.939726,B,Penny Marshall,2.076,5.509169281,0,0,1,0,0,0,0,0,0,0,0,1,0,0,0,0,0,0
Sarafina!,1992.706849,D,Darrell James Roodt,0.6,5.509169281,0,0,0,1,0,0,0,0,0,0,0,1,0,0,0,0,0,0
Trenchcoat,1983.194521,D,Michael Tuchner,1.4,5.509169281,0,0,0,0,0,0,0,0,1,0,0,0,0,0,0,0,0,0
Confessions of a Teenage Drama Queen,2004.136986,C,Sara Sugarman,2.624,5.509169281,0,0,1,0,0,0,0,0,1,0,0,0,0,0,0,0,0,0
Around the World in 80 Days,2004.454795,C,Frank Coraci,3.888,5.509169281,0,0,1,0,0,0,1,0,0,0,0,0,0,0,0,0,0,0
Blaze,1989.939726,C,Ron Shelton,2.801,5.509169281,0,0,0,0,1,0,0,0,0,0,0,1,0,0,0,0,0,0
Toy Story,1995.882192,A,John Lasseter,3.782,5.509169281,1,0,0,0,0,0,1,0,0,0,0,0,0,0,0,0,0,0
Prince of Persia: Sands of Time,2010.405479,B,Mike Newell,3.899,5.509169281,0,0,0,1,0,1,0,0,0,0,0,0,0,0,0,0,0,0
Eddie,1996.413699,C,Steve Rash,1.631,5.509169281,0,0,0,1,0,0,0,0,1,0,0,0,0,0,0,0,0,0
White Fang 2: Myth of the White Wolf,1994.287671,D,Ken Olin,4.221,5.509169281,0,0,1,0,0,0,1,0,0,0,0,0,0,0,0,0,0,0
White Squall,1996.087671,D,Ridley Scott,5.031,5.509169281,0,0,0,1,0,0,1,0,0,0,0,0,0,0,0,0,0,0
The Invisible,2007.320548,C,David S. Goyer,7.974,5.509169281,0,0,0,1,0,0,0,0,0,0,0,0,0,0,0,1,0,0
Guilty as Sin,1993.421918,C,Sidney Lumet,2.183,5.509169281,0,0,0,0,1,0,0,0,0,0,0,0,0,0,0,1,0,0
Operation Dumbo Drop,1995.569863,C,Simon Wincer,6.723,5.509169281,0,0,1,0,0,0,1,0,0,0,0,0,0,0,0,0,0,0
Ghosts of the Abyss,2003.276712,C,James Cameron,7.333,5.509169281,1,0,0,0,0,0,0,0,0,0,1,0,0,0,0,0,0,0
Scenes from a Mall,1991.142466,D,Paul Mazursky,1.263,5.509169281,0,0,0,0,0,0,0,0,1,0,0,0,0,0,0,0,0,0
The BFG,2016.49589,C,Steven Spielberg,18.765,5.509169281,0,0,1,0,0,0,1,0,0,0,0,0,0,0,0,0,0,0
Tron,1982.517808,B,Steven Lisberger,1.4,5.509169281,0,0,0,0,0,1,0,0,0,0,0,0,0,0,0,0,0,0
Firelight,1998.668493,D,William Nicholson,1.982,5.509169281,0,0,0,0,1,0,0,0,0,0,0,1,0,0,0,0,0,0
Delivery Man,2013.882192,C,Ken Scott,0.98,5.509169281,0,0,0,1,0,0,0,0,1,0,0,0,0,0,0,0,0,0
New York Stories,1989.167123,C,Francis Ford Coppola,9.576,5.509169281,0,0,1,0,0,0,0,0,0,0,0,1,0,0,0,0,0,0
Disorganized Crime,1989.284932,D,Jim Kouf,1.295,5.509169281,0,0,0,0,0,0,0,0,1,0,0,0,0,0,0,0,0,0
Tom and Huck,1995.964384,C,Peter Hewitt,1.253,5.509169281,0,0,1,0,0,0,1,0,0,0,0,0,0,0,0,0,0,0
Keeping the Faith,2000.284932,C,Edward Norton,11.573,5.509169281,0,0,0,1,0,0,0,0,0,0,0,0,0,0,1,0,0,0
Grosse Pointe Blank,1997.276712,C,George Armitage,0.6,5.509169281,0,0,0,0,1,0,0,1,0,0,0,0,0,0,0,0,0,0
Indian Summer,1993.309589,C,Mike Binder,2.396,5.509169281,0,0,0,0,1,0,0,0,1,0,0,0,0,0,0,0,0,0
The Princess and the Frog,2009.890411,B,Ron Clements,3.314126411,4.827277778,1,0,0,0,0,0,1,0,0,0,0,0,0,0,0,0,0,1
Billy Bathgate,1991.824658,C,Robert Benton,1.844,5.509169281,0,0,0,0,1,0,0,0,0,0,0,1,0,0,0,0,0,0
3 Ninjas Kick Back,1994.345205,C,Charles T. Kanganis,1.216,5.509169281,0,0,1,0,0,1,0,0,0,0,0,0,0,0,0,0,0,0
My Boyfriend's Back,1993.591781,D,Bob Balaban,9.484,5.509169281,0,0,0,1,0,0,0,0,0,0,0,0,0,0,0,0,0,0
Goal! The Dream Begins,2006.361644,D,Danny Cannon,2.196,5.509169281,0,0,1,0,0,0,0,0,0,0,0,1,0,0,0,0,0,0
Country,1984.736986,C,Peter Wellington,0.6,5.509169281,0,0,0,0,0,0,0,0,0,0,0,1,0,0,0,0,0,0
Big Trouble,2002.260274,D,Barry Sonnenfeld,5.493,5.509169281,0,0,0,1,0,0,0,0,1,0,0,0,0,0,0,0,0,0
People Like Us,2012.490411,D,Alex Kurtzman,6.597,5.509169281,0,0,0,1,0,0,0,0,0,0,0,1,0,0,0,0,0,0
Mars Needs Moms,2011.194521,C,Simon Wells,2.885,5.509169281,0,0,1,0,0,0,1,0,0,0,0,0,0,0,0,0,0,0
Angie,1994.175342,D,Martha Coolidge,1.576,5.509169281,0,0,0,0,1,0,0,0,1,0,0,0,0,0,0,0,0,0
Deuce Bigalow: Male Gigolo,1999.931507,B,Mike Mitchell,3.233,5.509169281,0,0,0,0,1,0,0,0,1,0,0,0,0,0,0,0,0,0
Veronica Guerin,2003.786301,D,Joel Schumacher,3.688,5.509169281,0,0,0,0,1,0,0,0,0,0,0,1,0,0,0,0,0,0
Max Keeble's Big Move,2001.753425,C,Tim Hill,3.627,5.509169281,0,0,1,0,0,0,0,0,1,0,0,0,0,0,0,0,0,0
The Scarlet Letter,1995.775342,C,Roland JoffÃÂ©,0.777,5.509169281,0,0,0,0,1,0,0,0,0,0,0,1,0,0,0,0,0,0
D3: The Mighty Ducks,1996.750685,C,Rob Lieberman,0.762,5.509169281,0,0,1,0,0,0,0,0,1,0,0,0,0,0,0,0,0,0
Up,2009.408219,A,Pete Docter,10.161,5.509169281,0,0,1,0,0,0,1,0,0,0,0,0,0,0,0,0,0,0
Alive,1993.041096,B,Frank Marshall,3.398,5.509169281,0,0,0,0,1,0,1,0,0,0,0,0,0,0,0,0,0,0
Can't Buy Me Love,1987.613699,C,Steve Rash,1.631,5.509169281,0,0,0,0,0,0,0,0,0,0,0,0,0,0,1,0,0,0
The Hoax,2007.263014,D,Lasse HallstrÃ¶m,3.308,5.509169281,0,0,0,0,1,0,0,0,0,0,0,1,0,0,0,0,0,0
Fantasia,1940.857534,S,David Hand,2.951,6.019166667,1,0,0,0,0,0,0,0,0,0,0,0,0,1,0,0,0,1
Crimson Tide,1995.361644,B,Tony Scott,4.126,5.509169281,0,0,0,0,1,1,0,0,0,0,0,0,0,0,0,0,0,0
Ransom,1996.843836,A,Ron Howard,5.634,5.509169281,0,0,0,0,1,1,0,0,0,0,0,0,0,0,0,0,0,0
Pretty Woman,1990.227397,A,Garry Marshall,3.741,5.509169281,0,0,0,0,1,0,0,0,0,0,0,0,0,0,1,0,0,0
Inspector Gadget,1999.556164,B,David Kellogg,0.829,5.509169281,0,0,1,0,0,0,0,0,1,0,0,0,0,0,0,0,0,0
Winnie the Pooh,2011.534247,C,Stephen J. Anderson,3.314126411,5.509169281,1,0,0,0,0,0,1,0,0,0,0,0,0,0,0,0,0,0
The Tigger Movie,2000.112329,B,Jun Falkenstein,1.068,5.509169281,1,0,0,0,0,0,1,0,0,0,0,0,0,0,0,0,0,0
Heavy Weights,1995.128767,C,Steven Brill,3.574,5.509169281,0,0,1,0,0,0,0,0,1,0,0,0,0,0,0,0,0,0
What About Bob?,1991.375342,B,Frank Oz,6.202,5.509169281,0,0,1,0,0,0,0,0,1,0,0,0,0,0,0,0,0,0
Condorman,1981.594521,D,Charles Jarrott,1.38,5.509169281,0,0,0,0,0,1,0,0,0,0,0,0,0,0,0,0,0,0
The Haunted Mansion,2003.893151,B,Rob Minkoff,2.269,5.509169281,0,0,1,0,0,0,0,0,1,0,0,0,0,0,0,0,0,0
The Hitchhiker's Guide to the Galaxy,2005.326027,C,Garth Jennings,5.73,5.509169281,0,0,1,0,0,0,0,0,1,0,0,0,0,0,0,0,0,0
Bedknobs and Broomsticks,1971.758904,B,Robert Stevenson,1.531,2.1795,0,0,0,0,0,0,0,0,0,0,0,0,0,1,0,0,0,1
Pooh's Heffalump Movie,2005.112329,C,Frank Nissen,1.231,2.14,1,0,0,0,0,0,1,0,0,0,0,0,0,0,0,0,0,1
Open Range,2003.616438,B,Kevin Costner,19.452,5.509169281,0,0,0,0,1,0,0,0,0,0,0,0,0,0,0,0,1,0
D.O.A.,1988.213699,C,Annabel Jankel,0.84,5.509169281,0,0,0,0,0,0,0,0,0,0,0,0,0,0,0,1,0,0
Meet the Deedles,1998.238356,D,Steve Boyum,0.949,5.509169281,0,0,1,0,0,0,0,0,1,0,0,0,0,0,0,0,0,0
A Beautiful Planet,2016.326027,D,Toni Myers,0.6,5.509169281,1,0,0,0,0,0,0,0,0,0,1,0,0,0,0,0,0,0
Sister Act,1992.408219,A,Emile Ardolino,4.922,5.509169281,0,0,1,0,0,0,0,0,1,0,0,0,0,0,0,0,0,0
Strange Magic,2015.063014,D,Gary Rydstrom,1.836,5.509169281,0,0,1,0,0,0,1,0,0,0,0,0,0,0,0,0,0,0
The Many Adventures of Winnie the Pooh,1977.194521,D,Wolfgang Reitherman,2.833,5.509169281,0,0,0,0,0,0,0,0,0,0,0,0,0,0,0,0,0,0
Quiz Show,1994.69589,C,Robert Redford,9.124,5.509169281,0,0,0,1,0,0,0,0,0,0,0,1,0,0,0,0,0,0
While You Were Sleeping,1995.30411,B,Jon Turteltaub,3.603,5.509169281,0,0,1,0,0,0,0,0,0,0,0,0,0,0,1,0,0,0
Bedtime Stories,2008.972603,B,Adam Shankman,2.069,5.509169281,0,0,1,0,0,0,0,0,1,0,0,0,0,0,0,0,0,0
"The Chronicles of Narnia: The Lion, tÃ¢ÂÂ¦",2005.928767,A,,3.314126411,5.509169281,0,0,1,0,0,0,1,0,0,0,0,0,0,0,0,0,0,0
Instinct,1999.421918,C,Jon Turteltaub,3.603,5.509169281,0,0,0,0,1,0,0,0,0,0,0,1,0,0,0,0,0,0
Step Up,2006.605479,B,Anne Fletcher,3.496,5.509169281,0,0,0,1,0,0,0,0,0,0,0,1,0,0,0,0,0,0
G.I. Jane,1997.635616,B,Ridley Scott,5.031,5.509169281,0,0,0,0,1,0,0,0,0,0,0,1,0,0,0,0,0,0
Oscar,1991.317808,C,John Landis,1.564,5.509169281,0,0,1,0,0,0,0,0,1,0,0,0,0,0,0,0,0,0
The Parent Trap,1998.572603,B,Nancy Meyers,3.765,5.509169281,0,0,1,0,0,0,0,0,1,0,0,0,0,0,0,0,0,0
Primeval,2007.032877,D,Michael Katleman,2.332,5.509169281,0,0,0,0,1,0,1,0,0,0,0,0,0,0,0,0,0,0
The Lone Ranger,2013.49863,B,Gore Verbinski,4.843,5.509169281,0,0,0,1,0,0,0,0,0,0,0,0,0,0,0,0,1,0
"Monsters, Inc.",2001.827397,A,Pete Docter,10.161,5.509169281,1,0,0,0,0,0,1,0,0,0,0,0,0,0,0,0,0,0
Reign of Fire,2002.134247,C,Rob Bowman,2.52,5.509169281,0,0,0,1,0,1,0,0,0,0,0,0,0,0,0,0,0,0
Running Brave,1983.832877,D,Donald Shebib,0.6,5.509169281,0,0,0,0,0,0,0,0,0,0,0,1,0,0,0,0,0,0
Dinosaur,2000.380822,A,Ralph Zondag,0.656,5.481,0,0,1,0,0,0,1,0,0,0,0,0,0,0,0,0,0,1
Rushmore,1998.934247,C,Wes Anderson,8.151,5.509169281,0,0,0,0,1,0,0,1,0,0,0,0,0,0,0,0,0,0
Freaky Friday,1977.057534,B,Mark Waters,2.779,5.509169281,0,0,0,0,0,0,0,0,1,0,0,0,0,0,0,0,0,0
The 13th Warrior,1999.649315,C,John McTiernan,4.741,5.509169281,0,0,0,0,1,1,0,0,0,0,0,0,0,0,0,0,0,0
Brave,2012.471233,A,Brenda Chapman,2.269,5.509169281,0,0,1,0,0,0,1,0,0,0,0,0,0,0,0,0,0,0
Eight Below,2006.128767,B,Frank Marshall,3.398,5.509169281,0,0,1,0,0,0,1,0,0,0,0,0,0,0,0,0,0,0
Gake no ue no Ponyo,2009.613699,D,Hayao Miyazaki,11.849,5.509169281,1,0,0,0,0,0,1,0,0,0,0,0,0,0,0,0,0,0
Queen of Katwe,2016.720548,D,Mira Nair,1.96,5.509169281,0,0,1,0,0,0,0,0,0,0,0,1,0,0,0,0,0,0
Straight Talk,1992.254795,C,Barnet Kellman,0.6,5.509169281,0,0,1,0,0,0,0,0,1,0,0,0,0,0,0,0,0,0
Holy Man,1998.764384,C,Stephen Herek,3.184,5.509169281,0,0,1,0,0,0,0,0,1,0,0,0,0,0,0,0,0,0
The Sorcerer's Apprentice,2010.531507,C,Jon Turteltaub,3.603,5.509169281,0,0,1,0,0,0,1,0,0,0,0,0,0,0,0,0,0,0
Stella,1990.087671,C,John Erman,0.98,5.509169281,0,0,0,1,0,0,0,0,0,0,0,1,0,0,0,0,0,0
An American Werewolf in Paris,1997.972603,C,Anthony Waller,2.358,5.509169281,0,0,0,0,1,0,0,0,0,0,0,0,1,0,0,0,0,0
The Mighty Ducks,1992.745205,B,Stephen Herek,3.184,5.509169281,0,0,1,0,0,0,0,0,1,0,0,0,0,0,0,0,0,0
Tall Tale,1995.230137,D,Jeremiah S. Chechik,2.888,5.509169281,0,0,1,0,0,0,0,0,0,0,0,0,0,0,0,0,1,0
Tangled,2010.887671,A,Byron Howard,2.596,9.636285714,0,0,1,0,0,0,1,0,0,0,0,0,0,0,0,0,0,1
Ed Wood,1994.739726,D,Tim Burton,10.14,5.509169281,0,0,0,0,1,0,0,0,1,0,0,0,0,0,0,0,0,0
The Jerky Boys,1995.090411,D,James Melkonian,1.553,5.509169281,0,0,0,0,1,0,0,0,1,0,0,0,0,0,0,0,0,0
The Rich Man's Wife,1996.693151,D,Amy Holden Jones,2.407,5.509169281,0,0,0,0,1,0,0,0,0,0,0,0,0,0,0,1,0,0
"20,000 Leagues Under the Sea",1954.967123,S,Richard Fleischer,2.99,5.509169281,0,0,0,0,0,0,1,0,0,0,0,0,0,0,0,0,0,0
Super Mario Bros.,1993.405479,C,Annabel Jankel,0.84,5.509169281,0,0,1,0,0,1,0,0,0,0,0,0,0,0,0,0,0,0
The Proposal,2009.463014,B,Anne Fletcher,3.496,5.509169281,0,0,0,1,0,0,0,0,0,0,0,0,0,0,1,0,0,0
Race to Witch Mountain,2009.2,B,Andy Fickman,1.615,5.509169281,0,0,1,0,0,0,1,0,0,0,0,0,0,0,0,0,0,0
The Adventures of Huck Finn,1993.252055,C,Stephen Sommers,1.724,5.509169281,0,0,1,0,0,0,1,0,0,0,0,0,0,0,0,0,0,0
Jefferson in Paris,1995.249315,D,James Ivory,3.745,5.509169281,0,0,0,1,0,0,0,0,0,0,0,1,0,0,0,0,0,0
The Jungle Book,2016.287671,A,Vitaliy Versace,0.759,5.509169281,0,0,1,0,0,0,1,0,0,0,0,0,0,0,0,0,0,0
Sky High,2005.572603,B,Mike Mitchell,3.233,5.509169281,0,0,1,0,0,0,1,0,0,0,0,0,0,0,0,0,0,0
Toy Story 2,1999.873973,A,John Lasseter,3.782,5.509169281,1,0,0,0,0,0,1,0,0,0,0,0,0,0,0,0,0,0
The Rescuers,1977.471233,B,Wolfgang Reitherman,2.833,5.509169281,0,0,0,0,0,0,1,0,0,0,0,0,0,0,0,0,0,0
Remember the Titans,2000.736986,B,Boaz Yakin,7.813,5.509169281,0,0,1,0,0,0,0,0,0,0,0,1,0,0,0,0,0,0
A Lot Like Love,2005.306849,C,Nigel Cole,1.646,5.509169281,0,0,0,1,0,0,0,0,1,0,0,0,0,0,0,0,0,0
3 Ninjas,1992.594521,C,Jon Turteltaub,3.603,5.509169281,0,0,1,0,0,1,0,0,0,0,0,0,0,0,0,0,0,0
Flight of the Navigator,1986.575342,C,Randal Kleiser,1.4,5.509169281,0,0,0,0,0,0,1,0,0,0,0,0,0,0,0,0,0,0
America's Heart and Soul,2004.49863,D,Louis Schwartsberg,0.6,5.509169281,0,1,0,0,0,0,0,0,0,0,1,0,0,0,0,0,0,0
Swing Vote,2008.578082,D,Joshua Michael Stern,1.4,5.509169281,0,0,0,1,0,0,0,0,1,0,0,0,0,0,0,0,0,0
The Straight Story,1999.780822,D,David Lynch,6.755,5.509169281,1,0,0,0,0,0,0,0,0,0,0,1,0,0,0,0,0,0
The Kid,2000.512329,B,Jon Turteltaub,3.603,5.509169281,0,0,1,0,0,0,0,0,1,0,0,0,0,0,0,0,0,0
Enchanted,2007.879452,B,Kevin Lima,2.904,14.14441667,0,0,1,0,0,0,0,0,0,0,0,0,0,0,1,0,0,1
Zootopia,2016.175342,A,Byron Howard,3.314126411,5.509169281,0,0,1,0,0,0,1,0,0,0,0,0,0,0,0,0,0,0
I'll Be Home For Christmas,1998.857534,C,Arlene Sanford,0.734,5.509169281,0,0,1,0,0,0,0,0,1,0,0,0,0,0,0,0,0,0
The War at Home,1996.876712,D,Emilio Estevez,6.855,5.509169281,0,0,0,0,1,0,0,0,0,0,0,0,0,0,0,0,0,0
Peter Pan: Return to Neverland,2002.123288,B,Robin Budd,0.6,5.509169281,1,0,0,0,0,0,1,0,0,0,0,0,0,0,0,0,0,0
Ratatouille,2007.490411,A,Brad Bird,9.443,5.509169281,1,0,0,0,0,0,0,0,1,0,0,0,0,0,0,0,0,0
Secretariat,2010.761644,C,Randall Wallace,2.475,5.509169281,0,0,1,0,0,0,0,0,0,0,0,1,0,0,0,0,0,0
Medicine Man,1992.10137,B,John McTiernan,4.741,5.509169281,0,0,0,1,0,0,0,0,0,0,0,1,0,0,0,0,0,0
A Thousand Acres,1997.709589,D,Jocelyn Moorhouse,1.652,5.509169281,0,0,0,0,1,0,0,0,0,0,0,1,0,0,0,0,0,0
Mission to Mars,2000.191781,B,Brian De Palma,3.709,5.509169281,0,0,1,0,0,0,1,0,0,0,0,0,0,0,0,0,0,0
Brother Bear,2003.805479,B,Aaron Blaise,1.62,6.289571429,1,0,0,0,0,0,1,0,0,0,0,0,0,0,0,0,0,1
Snow White and the Seven Dwarfs,1937.961644,S,David Hand,2.951,1.99975,1,0,0,0,0,0,0,0,0,0,0,0,0,1,0,0,0,1
Toy Story 3,2010.460274,A,Lee Unkrich,3.458,5.509169281,1,0,0,0,0,0,1,0,0,0,0,0,0,0,0,0,0,0
Miracle,2004.09863,B,Gavin O'Connor,2.842,5.509169281,0,0,1,0,0,0,0,0,0,0,0,1,0,0,0,0,0,0
My Favorite Martian,1999.115068,C,Donald Petrie,3.564,5.509169281,0,0,1,0,0,0,0,0,1,0,0,0,0,0,0,0,0,0
Benji the Hunted,1987.424658,C,Joe Camp,0.648,5.509169281,0,0,0,0,0,0,1,0,0,0,0,0,0,0,0,0,0,0
A Far Off Place,1993.19726,C,Mikael Salomon,1.22,5.509169281,0,0,1,0,0,0,1,0,0,0,0,0,0,0,0,0,0,0
Old Dogs,2009.890411,C,Walt Becker,1.239,5.509169281,0,0,1,0,0,0,0,0,1,0,0,0,0,0,0,0,0,0
Alice in Wonderland,2010.178082,A,Tim Burton,10.14,2.908,0,0,1,0,0,0,1,0,0,0,0,0,0,0,0,0,0,1
The Little Mermaid,1989.863014,A,Ron Clements,2.792,5.514225,1,0,0,0,0,0,1,0,0,0,0,0,0,0,0,0,0,1
Stick It,2006.323288,C,Jessica Bendinger,0.6,5.509169281,0,0,0,1,0,0,0,0,1,0,0,0,0,0,0,0,0,0
Funny Bones,1995.249315,D,Peter Chelsom,0.84,5.509169281,0,0,0,0,1,0,0,0,1,0,0,0,0,0,0,0,0,0
Cars,2006.435616,A,John Lasseter,4.693,5.509169281,1,0,0,0,0,0,0,0,1,0,0,0,0,0,0,0,0,0
Bicentennial Man,1999.950685,B,Chris Columbus,4.321,5.509169281,0,0,1,0,0,0,0,0,0,0,0,1,0,0,0,0,0,0
Chimpanzee,2012.30137,C,Alastair Fothergill,1.094,5.509169281,1,0,0,0,0,0,0,0,0,0,1,0,0,0,0,0,0,0
The Apple Dumpling Gang,1975.49589,B,Norman Tokar,1.4,5.509169281,0,0,0,0,0,0,0,0,1,0,0,0,0,0,0,0,0,0
The Other Sister,1999.153425,C,Garry Marshall,3.741,5.509169281,0,0,0,1,0,0,0,0,0,0,0,0,0,0,1,0,0,0
A Simple Twist of Fate,1994.663014,D,Gillies MacKinnon,1.052,5.509169281,0,0,0,1,0,0,0,0,0,0,0,1,0,0,0,0,0,0
Where the Heart Is,1990.145205,D,John Boorman,2.004,5.509169281,0,0,0,0,0,0,0,0,1,0,0,0,0,0,0,0,0,0
Kaze Tachinu,2013.843836,D,Mitsuo Wakasugi,0.6,5.509169281,0,0,0,1,0,0,0,0,0,0,0,1,0,0,0,0,0,0
Off Beat,1986.276712,D,Michael Dinner,1.67,5.509169281,0,0,0,0,0,0,0,0,1,0,0,0,0,0,0,0,0,0
The Greatest Game Ever Played,2005.739726,C,Bill Paxton,13.989,5.509169281,0,0,1,0,0,0,0,0,0,0,0,1,0,0,0,0,0,0
The Three Musketeers,1993.854795,B,Stephen Herek,3.184,5.509169281,0,0,1,0,0,0,1,0,0,0,0,0,0,0,0,0,0,0
A Civil Action,1998.972603,B,Steven Zaillian,2.173,5.509169281,0,0,0,1,0,0,0,0,0,0,0,1,0,0,0,0,0,0
Walt and El Grupo,2009.684932,D,Theodore Thomas,1.96,5.509169281,0,0,1,0,0,0,0,0,0,0,1,0,0,0,0,0,0,0
Powder,1995.813699,C,Victor Salva,5.386,5.509169281,0,0,0,1,0,0,0,0,0,0,0,1,0,0,0,0,0,0
1492: Conquest of Paradise,1992.764384,D,Ridley Scott,5.031,5.509169281,0,0,0,1,0,0,1,0,0,0,0,0,0,0,0,0,0,0
The Cemetery Club,1993.090411,D,Bill Duke,6.304,5.509169281,0,0,0,1,0,0,0,0,1,0,0,0,0,0,0,0,0,0
Stay Alive,2006.230137,C,William Brent Bell,2.941,5.509169281,0,0,0,1,0,0,0,0,0,0,0,0,1,0,0,0,0,0
That Darn Cat,1997.120548,C,Bob Spiers,1.096,5.509169281,0,0,1,0,0,0,0,0,1,0,0,0,0,0,0,0,0,0
The Muppet Christmas Carol,1992.934247,C,Brian Henson,1.117,5.509169281,1,0,0,0,0,0,0,0,1,0,0,0,0,0,0,0,0,0
Step Up 2 the Streets,2008.120548,C,Jon M. Chu,1.229,5.509169281,0,0,0,1,0,0,0,0,0,0,0,1,0,0,0,0,0,0
Fantasia 2000 (Theatrical Release),2000.454795,D,,3.314126411,5.509169281,1,0,0,0,0,0,0,0,0,0,0,0,0,1,0,0,0,0
The Santa Clause 2,2002.824658,A,Michael Lembeck,3.779,5.509169281,1,0,0,0,0,0,0,0,1,0,0,0,0,0,0,0,0,0
The Recruit,2003.084932,B,Roger Donaldson,2.313,5.509169281,0,0,0,1,0,0,0,0,0,0,0,0,0,0,0,1,0,0
Money for Nothing,1993.684932,D,RamÃÂ³n MenÃÂ©ndez,0.6,5.509169281,0,0,0,0,1,0,0,0,1,0,0,0,0,0,0,0,0,0
Bad Company,1995.054795,D,Damian Harris,0.6,5.509169281,0,0,0,0,1,0,0,0,0,0,0,0,0,0,0,1,0,0
I Love Trouble,1994.490411,C,Charles Shyer,1.545,5.509169281,0,0,1,0,0,0,0,0,0,0,0,0,0,0,1,0,0,0
The Absent Minded Professor,1961.208219,A,Robert Stevenson,2.243,5.509169281,0,0,0,0,0,0,0,0,1,0,0,0,0,0,0,0,0,0
Jungle 2 Jungle,1997.183562,B,John Pasquin,3.334,5.509169281,0,0,1,0,0,0,0,0,1,0,0,0,0,0,0,0,0,0
Tex,1982.873973,C,Tim Hunter,1.294,5.509169281,0,0,0,0,0,0,0,0,0,0,0,1,0,0,0,0,0,0
Life With Mikey,1993.421918,C,James Lapine,0.6,5.509169281,0,0,1,0,0,0,0,0,1,0,0,0,0,0,0,0,0,0
Gone Fishin',1997.410959,C,Christopher Cain,1.874,5.509169281,0,0,1,0,0,0,0,0,1,0,0,0,0,0,0,0,0,0
Rogue One: A Star Wars Story,2016.947945,S,Raymond Montemayor,0.6,5.509169281,0,0,0,1,0,0,1,0,0,0,0,0,0,0,0,0,0,0
The Marrying Man,1991.260274,C,Jerry Rees,1.394,5.509169281,0,0,0,0,1,0,0,0,0,0,0,0,0,0,1,0,0,0
Bubble Boy,2001.641096,D,Blair Hayes,0.6,5.509169281,0,0,0,1,0,0,0,0,1,0,0,0,0,0,0,0,0,0
Baby: Secret of the Lost Legend,1985.224658,C,Bill L. Norton,1.519,5.509169281,0,0,0,0,0,0,1,0,0,0,0,0,0,0,0,0,0,0
The Fox and the Hound,1981.520548,B,Ted Berman,2.334,4.8773,0,0,0,0,0,0,0,0,1,0,0,0,0,0,0,0,0,1
High Heels and Low Lifes,2001.810959,D,Mel Smith,5.677,5.509169281,0,0,0,0,1,0,0,0,0,0,0,0,0,0,0,0,0,0
The Tie That Binds,1995.679452,D,Wesley Strick,2.414,5.509169281,0,0,0,0,1,0,0,0,0,0,0,0,0,0,0,1,0,0
John Carter,2012.189041,B,Andrew Stanton,6.106,5.509169281,0,0,0,1,0,0,1,0,0,0,0,0,0,0,0,0,0,0
Blank Check,1994.112329,C,Rupert Wainwright,1.291,5.509169281,0,0,1,0,0,0,0,0,1,0,0,0,0,0,0,0,0,0
Guardians of the Galaxy,2014.578082,A,James Gunn,10.478,5.509169281,0,0,0,1,0,0,1,0,0,0,0,0,0,0,0,0,0,0
Star Wars Ep. VII: The Force Awakens,2015.953425,S,,3.314126411,5.509169281,0,0,0,1,0,0,1,0,0,0,0,0,0,0,0,0,0,0
A Goofy Movie,1995.265753,C,Kevin Lima,2.904,5.5325,1,0,0,0,0,0,0,0,1,0,0,0,0,0,0,0,0,1
Hocus Pocus,1993.536986,B,Kenny Ortega,2.553,5.509169281,0,0,1,0,0,0,0,0,1,0,0,0,0,0,0,0,0,0
PeteÃ¢ÂÂs Dragon,2016.608219,B,David Lowery,2.116,5.509169281,0,0,1,0,0,0,1,0,0,0,0,0,0,0,0,0,0,0
Night Crossing,1982.09589,D,Delbert Mann,4.082,5.509169281,0,0,0,0,0,0,0,0,0,0,0,1,0,0,0,0,0,0
Lilo & Stitch,2002.468493,A,Chris Sanders,5.007,8.405181818,0,0,1,0,0,0,1,0,0,0,0,0,0,0,0,0,0,1
Metro,1997.046575,C,Thomas Carter,2.447,5.509169281,0,0,0,0,1,1,0,0,0,0,0,0,0,0,0,0,0,0
National Treasure,2004.873973,A,Jon Turteltaub,3.603,5.509169281,0,0,1,0,0,0,1,0,0,0,0,0,0,0,0,0,0,0
Shanghai Noon,2000.4,B,Tom Dey,2.744,5.509169281,0,0,0,1,0,0,0,0,0,0,0,0,0,0,0,0,1,0
Dangerous Minds,1995.605479,B,John N. Smith,0.6,5.509169281,0,0,0,0,1,0,0,0,0,0,0,1,0,0,0,0,0,0
The Distinguished Gentleman,1992.915068,B,Jonathan Lynn,2.817,5.509169281,0,0,0,0,1,0,0,0,1,0,0,0,0,0,0,0,0,0
The Secret World of Arietty,2012.128767,C,,3.314126411,5.509169281,1,0,0,0,0,0,1,0,0,0,0,0,0,0,0,0,0,0
The Princess Diaries,2001.583562,B,Garry Marshall,3.741,5.509169281,1,0,0,0,0,0,0,0,1,0,0,0,0,0,0,0,0,0
Step Up 3D,2010.591781,C,Jon M. Chu,1.229,5.509169281,0,0,0,1,0,0,0,0,0,0,0,1,0,0,0,0,0,0
Underdog,2007.583562,C,Frederik Du Chau,0.744,5.509169281,0,0,1,0,0,0,1,0,0,0,0,0,0,0,0,0,0,0
Red Rock West,1994.076712,D,John Dahl,5.084,5.509169281,0,0,0,0,1,0,0,0,0,0,0,0,0,0,0,0,0,0
Captain America: Civil War,2016.345205,A,Allan McLeod,1.937,5.509169281,0,0,0,1,0,1,0,0,0,0,0,0,0,0,0,0,0,0
Mr. Wrong,1996.126027,C,Nick Castle,4.31,5.509169281,0,0,0,1,0,0,0,0,0,0,0,0,0,0,1,0,0,0
Nixon,1995.958904,C,Daniel Petrie,1.628,5.509169281,0,0,0,0,1,0,0,0,0,0,0,1,0,0,0,0,0,0
The Ref,1994.189041,C,Ted Demme,2.978,5.509169281,0,0,0,0,1,0,0,0,1,0,0,0,0,0,0,0,0,0
The Santa Clause 3: The Escape Clause,2006.830137,B,Michael Lembeck,2.878,5.509169281,1,0,0,0,0,0,0,0,1,0,0,0,0,0,0,0,0,0
Ice Princess,2005.213699,C,Tim Fywell,1.55,5.509169281,1,0,0,0,0,0,0,0,1,0,0,0,0,0,0,0,0,0
King Arthur,2004.512329,B,Antoine Fuqua,5.21,5.509169281,0,0,0,1,0,0,1,0,0,0,0,0,0,0,0,0,0,0
Nothing To Lose,1997.542466,B,Steve Oedekerk,4.942,5.509169281,0,0,0,0,1,0,0,0,1,0,0,0,0,0,0,0,0,0
Herbie: Fully Loaded,2005.471233,B,Angela Robinson,2.57,5.509169281,1,0,0,0,0,0,0,0,1,0,0,0,0,0,0,0,0,0
Father of the Bride,1991.958904,B,Charles Shyer,1.545,5.509169281,0,0,1,0,0,0,0,0,1,0,0,0,0,0,0,0,0,0
You Again,2010.723288,C,Andy Fickman,1.615,5.509169281,0,0,1,0,0,0,0,0,1,0,0,0,0,0,0,0,0,0
Treasure Planet,2002.89589,C,Ron Clements,2.792,8.453416667,0,0,1,0,0,0,1,0,0,0,0,0,0,0,0,0,0,1
The Great Mouse Detective,1986.49863,C,Ron Clements,2.792,3.923769231,0,0,0,0,0,0,1,0,0,0,0,0,0,0,0,0,0,1
Cinderella,2015.2,A,Kenneth Branagh,24.58,3.542566667,0,0,1,0,0,0,0,0,0,0,0,1,0,0,0,0,0,1
Frozen,2013.882192,A,Chris Buck,3.751,7.401125,0,0,1,0,0,0,1,0,0,0,0,0,0,0,0,0,0,1
Pirates of the Caribbean: On StrangerÃ¢ÂÂ¦,2011.383562,A,Rob Marshall,1.254,5.509169281,0,0,0,1,0,0,1,0,0,0,0,0,0,0,0,0,0,0
Zokkomon,2011.306849,D,Satyajit Bhatkal,0.6,5.509169281,0,0,1,0,0,0,1,0,0,0,0,0,0,0,0,0,0,0
Gross Anatomy,1989.794521,C,Thom Eberhardt,1.296,5.509169281,0,0,0,1,0,0,0,0,0,0,0,1,0,0,0,0,0,0
The Incredibles,2004.835616,A,Brad Bird,9.566,5.509169281,0,0,1,0,0,0,1,0,0,0,0,0,0,0,0,0,0,0
Frank McKlusky C.I.,2002.00274,D,Arlene Sanford,1.106,5.509169281,0,0,0,0,0,0,0,0,0,0,0,0,0,0,0,0,0,0
Taking Care of Business,1990.621918,C,Arthur Hiller,1.354,5.509169281,0,0,0,0,1,0,0,0,1,0,0,0,0,0,0,0,0,0
Tim Burton's The Nightmare Before ChrÃ¢ÂÂ¦,2006.794521,C,,3.314126411,5.509169281,0,0,1,0,0,0,0,0,0,0,0,0,0,1,0,0,0,0
Cocktail,1988.572603,B,Roger Donaldson,2.313,5.509169281,0,0,0,0,1,0,0,0,0,0,0,1,0,0,0,0,0,0
Gun Shy,2000.093151,D,Eric Blakeney,1.024,5.509169281,0,0,0,0,1,0,0,0,1,0,0,0,0,0,0,0,0,0
Mr. Destiny,1990.772603,C,James Orr,1.033,5.509169281,0,0,0,1,0,0,0,0,1,0,0,0,0,0,0,0,0,0
Herbie Goes to Monte Carlo,1977.476712,B,Vincent McEveety,2.66,5.509169281,0,0,0,0,0,0,0,0,0,0,0,0,0,0,0,0,0,0
Evita,1996.972603,B,Alan Parker,3.261,5.509169281,0,0,1,0,0,0,0,0,0,0,0,0,0,1,0,0,0,0
Dark Water,2005.515068,C,Walter Salles,1.708,5.509169281,0,0,0,1,0,0,0,0,0,0,0,0,0,0,0,1,0,0
Piglet's Big Movie,2003.221918,C,Francis Glebas,1.96,5.509169281,1,0,0,0,0,0,0,0,1,0,0,0,0,0,0,0,0,0
Kazaam,1996.539726,C,Paul Michael Glaser,5.054,5.509169281,0,0,1,0,0,0,0,0,1,0,0,0,0,0,0,0,0,0
DÃÂ©jÃÂ  Vu,2006.882192,B,Tony Scott,4.126,5.509169281,0,0,0,1,0,0,0,0,0,0,0,0,0,0,0,1,0,0
Waking Sleeping Beauty,2010.235616,D,Don Hahn,0.84,5.509169281,0,0,1,0,0,0,0,0,0,0,1,0,0,0,0,0,0,0
The Count of Monte Cristo,2002.068493,B,Kevin Reynolds,2.162,5.509169281,0,0,0,1,0,0,0,0,0,0,0,1,0,0,0,0,0,0
The Program,1993.723288,C,David S. Ward,1.53,5.509169281,0,0,0,0,1,1,0,0,0,0,0,0,0,0,0,0,0,0
When in Rome,2010.079452,C,Mark Steven Johnson,1.984,5.509169281,0,0,0,1,0,0,0,0,0,0,0,0,0,0,1,0,0,0
Born Yesterday,1993.235616,C,Luis Mandoki,0.84,5.509169281,0,0,1,0,0,0,0,0,0,0,0,0,0,0,1,0,0,0
The Alamo,2004.271233,C,John Lee Hancock,7.043,5.509169281,0,0,0,1,0,0,0,0,0,0,0,0,0,0,0,0,1,0
Mad Love,1995.4,C,Antonia Bird,2.057,5.509169281,0,0,0,1,0,0,0,0,0,0,0,1,0,0,0,0,0,0
Armageddon,1998.49589,A,Michael Bay,8.504,5.509169281,0,0,0,1,0,0,1,0,0,0,0,0,0,0,0,0,0,0
Air Bud,1997.578082,C,Charles Martin Smith,4.671,5.509169281,0,0,1,0,0,0,0,0,1,0,0,0,0,0,0,0,0,0
Fire Birds,1990.394521,C,David Green,0.6,5.509169281,0,0,0,1,0,1,0,0,0,0,0,0,0,0,0,0,0,0
The Black Cauldron,1985.558904,C,Ted Berman,2.334,4.092846154,0,0,0,0,0,0,1,0,0,0,0,0,0,0,0,0,0,1
Oz the Great and Powerful,2013.186301,A,Sam Raimi,12.485,5.509169281,0,0,1,0,0,0,1,0,0,0,0,0,0,0,0,0,0,0
Two Much,1996.205479,D,Fernando Trueba,0.6,5.509169281,0,0,0,1,0,0,0,0,0,0,0,0,0,0,1,0,0,0
102 Dalmatians,2000.882192,B,Kevin Lima,1.243,5.509169281,1,0,0,0,0,0,0,0,1,0,0,0,0,0,0,0,0,0
The Pacifier,2005.175342,B,Adam Shankman,2.069,5.509169281,0,0,1,0,0,0,0,0,1,0,0,0,0,0,0,0,0,0
Prom,2011.326027,D,Joe Nussbaum,2.73,5.509169281,0,0,1,0,0,0,0,0,1,0,0,0,0,0,0,0,0,0
Un indien dans la ville,1996.224658,D,HervÃ© Palud,0.6,5.509169281,0,0,1,0,0,0,0,0,1,0,0,0,0,0,0,0,0,0
Annapolis,2006.073973,C,Justin Lin,7.382,5.509169281,0,0,0,1,0,0,0,0,0,0,0,1,0,0,0,0,0,0
The Country Bears,2002.564384,C,Peter Hastings,0.84,11.07075,1,0,0,0,0,0,1,0,0,0,0,0,0,0,0,0,0,1
Planes: Fire and Rescue,2014.542466,C,Roberts Gannaway,2.703,5.509169281,0,0,1,0,0,0,1,0,0,0,0,0,0,0,0,0,0,0
Tin Men,1987.180822,C,Barry Levinson,4.33,5.509169281,0,0,0,0,0,0,0,0,1,0,0,0,0,0,0,0,0,0
Renaissance Man,1994.419178,C,Penny Marshall,2.076,5.509169281,0,0,0,1,0,0,0,0,1,0,0,0,0,0,0,0,0,0
Playing God,1997.786301,D,Andy Wilson,0.631,5.509169281,0,0,0,0,1,0,0,0,0,0,0,0,0,0,0,1,0,0
Phenomenon,1996.506849,B,Jon Turteltaub,3.603,5.509169281,0,0,1,0,0,0,0,0,0,0,0,1,0,0,0,0,0,0
Gnomeo and Juliet,2011.112329,B,Kelly Asbury,3.314,5.509169281,1,0,0,0,0,0,0,0,1,0,0,0,0,0,0,0,0,0
The Color of Money,1986.786301,B,Martin Scorsese,11.725,5.509169281,0,0,0,0,1,0,0,0,0,0,0,1,0,0,0,0,0,0
Blackbeard's Ghost,1968.10411,B,Robert Stevenson,1.531,5.509169281,0,0,0,0,0,0,0,0,1,0,0,0,0,0,0,0,0,0
Ernest Scared Stupid,1991.769863,C,John R. Cherry III,1.676,5.509169281,0,0,1,0,0,0,0,0,1,0,0,0,0,0,0,0,0,0
The Emperor's New Groove,2000.945205,B,Mark Dindal,1.713,5.509169281,1,0,0,0,0,0,1,0,0,0,0,0,0,0,0,0,0,0
Double Take,2001.032877,C,George Gallo,3.845,5.509169281,0,0,0,1,0,1,0,0,0,0,0,0,0,0,0,0,0,0
Rocket Man,1997.767123,C,Stuart Gillard,1.229,5.509169281,0,0,1,0,0,0,0,0,1,0,0,0,0,0,0,0,0,0
Mulan,1998.463014,A,Steve Binder,0.625,5.509169281,1,0,0,0,0,0,1,0,0,0,0,0,0,0,0,0,0,0
Song of the South,1946.854795,S,Wilfred Jackson,1.883,1.375,1,0,0,0,0,0,1,0,0,0,0,0,0,0,0,0,0,1
The Black Hole,1979.961644,B,Gary Nelson,1.96,5.509169281,0,0,0,0,0,0,0,0,0,0,0,0,0,0,0,0,0,0
Raising Helen,2004.405479,C,Garry Marshall,3.741,5.509169281,0,0,0,1,0,0,0,0,1,0,0,0,0,0,0,0,0,0
A Gun in Betty Lou's Handbag,1992.632877,D,Allan Moyle,1.119,5.509169281,0,0,0,1,0,0,0,0,0,0,0,0,0,0,0,0,0,0
The Air Up There,1994.019178,C,Paul Michael Glaser,5.054,5.509169281,0,0,1,0,0,0,0,0,1,0,0,0,0,0,0,0,0,0
Roommates,1995.172603,C,Peter Yates,1.185,5.509169281,0,0,1,0,0,0,0,0,1,0,0,0,0,0,0,0,0,0
Morning Light,2008.786301,D,Mark Monroe,1.4,5.509169281,0,0,1,0,0,0,0,0,0,0,1,0,0,0,0,0,0,0
Valiant,2005.627397,C,Gary Chapman,0.615,5.509169281,1,0,0,0,0,0,1,0,0,0,0,0,0,0,0,0,0,0
Down and Out in Beverly Hills,1986.084932,B,Paul Mazursky,1.263,5.509169281,0,0,0,0,1,0,0,0,1,0,0,0,0,0,0,0,0,0
Tarzan,1999.454795,A,Kevin Lima,2.904,7.0514,1,0,0,0,0,0,1,0,0,0,0,0,0,0,0,0,0,1
The Royal Tenenbaums,2001.942466,B,Wes Anderson,8.694,5.509169281,0,0,0,0,1,0,0,1,0,0,0,0,0,0,0,0,0,0
James and the Giant Peach,1996.279452,C,Henry Selick,0.716,5.509169281,0,0,1,0,0,0,1,0,0,0,0,0,0,0,0,0,0,0
"Mystery, Alaska",1999.742466,D,Jay Roach,4.81,5.509169281,0,0,0,0,1,0,0,0,1,0,0,0,0,0,0,0,0,0
Last Dance,1996.336986,D,Bruce Beresford,0.656,5.509169281,0,0,0,0,1,0,0,0,0,0,0,1,0,0,0,0,0,0
My Science Project,1985.6,D,Jonathan R. Betuel,0.6,5.509169281,0,0,0,0,0,0,0,0,1,0,0,0,0,0,0,0,0,0
Homeward Bound II: Lost in San FrancÃ¢ÂÂ¦,1996.186301,C,,3.314126411,5.509169281,1,0,0,0,0,0,1,0,0,0,0,0,0,0,0,0,0,0
The Muppets,2011.884932,B,James Bobin,1.478,5.509169281,0,0,1,0,0,0,0,0,1,0,0,0,0,0,0,0,0,0
Turner & Hooch,1989.569863,B,Roger Spottiswoode,2.476,5.509169281,0,0,1,0,0,0,0,0,1,0,0,0,0,0,0,0,0,0
Oceans,2010.306849,C,Jacques Perrin,2.485,5.509169281,1,0,0,0,0,0,0,0,0,0,1,0,0,0,0,0,0,0
It's Pat,1994.646575,D,Adam Bernstein,2.645,5.509169281,0,0,0,0,0,0,0,0,1,0,0,0,0,0,0,0,0,0
The Finest Hours,2016.079452,C,Craig Gillespie,2.473,5.509169281,0,0,1,0,0,0,0,0,0,0,0,0,0,0,0,1,0,0
Shoot to Kill,1988.115068,C,Roger Spottiswoode,2.476,5.509169281,0,0,0,0,0,1,0,0,0,0,0,0,0,0,0,0,0,0
Hannah Montana the Movie,2009.273973,B,Peter Chelsom,0.84,5.509169281,1,0,0,0,0,0,0,0,0,0,0,1,0,0,0,0,0,0
First Kid,1996.657534,C,David M. Evans,1.22,5.509169281,0,0,1,0,0,0,0,0,1,0,0,0,0,0,0,0,0,0
Consenting Adults,1992.783562,C,Alan J. Pakula,3.93,5.509169281,0,0,0,0,1,0,0,0,0,0,0,1,0,0,0,0,0,0
Dan in Real Life,2007.794521,C,Peter Hedges,1.4,5.509169281,0,0,0,1,0,0,0,0,0,0,0,0,0,0,1,0,0,0
Sorority Boys,2002.224658,D,Wallace Wolodarsky,5.308,5.509169281,0,0,0,0,1,0,0,0,1,0,0,0,0,0,0,0,0,0
Simon Birch,1998.687671,C,Mark Steven Johnson,1.984,5.509169281,0,0,1,0,0,0,0,0,0,0,0,1,0,0,0,0,0,0
In the Army Now,1994.608219,C,Daniel Petrie Jr.,1.755,5.509169281,0,0,1,0,0,0,0,0,1,0,0,0,0,0,0,0,0,0
Bad Company,2002.430137,C,Joel Schumacher,3.202,5.509169281,0,0,0,1,0,1,0,0,0,0,0,0,0,0,0,0,0,0
Wreck-It Ralph,2012.827397,A,Rich Moore,3.314126411,4.773761905,0,0,1,0,0,0,1,0,0,0,0,0,0,0,0,0,0,1
Iron Man 3,2013.336986,A,Shane Black,6.832,5.509169281,0,0,0,1,0,1,0,0,0,0,0,0,0,0,0,0,0,0
Cinderella,1950.123288,S,Hamilton Luske,2.323,3.542566667,1,0,0,0,0,0,0,0,0,0,0,1,0,0,0,0,0,1
One Magic Christmas,1985.882192,C,Phillip Borsos,0.828,5.509169281,0,0,0,0,0,0,0,0,0,0,0,1,0,0,0,0,0,0
Beverly Hills Chihuahua,2008.747945,B,Raja Gosnell,3.865,5.509169281,0,0,1,0,0,0,0,0,1,0,0,0,0,0,0,0,0,0
WALL-E,2008.484932,A,Andrew Stanton,6.106,5.509169281,1,0,0,0,0,0,1,0,0,0,0,0,0,0,0,0,0,0
Aladdin,1992.852055,A,Timothy Forder,0.6,7.428285714,1,0,0,0,0,0,0,0,1,0,0,0,0,0,0,0,0,1
Casanova,2005.972603,D,Lasse HallstrÃÂ¶m,1.688,5.509169281,0,0,0,0,1,0,0,0,0,0,0,1,0,0,0,0,0,0
Thor: The Dark World,2013.843836,A,Alan Taylor,2.007,5.509169281,0,0,0,1,0,0,1,0,0,0,0,0,0,0,0,0,0,0
Monkey Kingdom,2015.293151,D,Alastair Fothergill,1.094,5.509169281,1,0,0,0,0,0,0,0,0,0,1,0,0,0,0,0,0,0
Ernest Saves Christmas,1988.852055,C,John R. Cherry III,1.676,5.509169281,0,0,1,0,0,0,0,0,1,0,0,0,0,0,0,0,0,0
Hannah Montana/Miley Cyrus: Best of BÃ¢ÂÂ¦,2008.084932,B,,3.314126411,5.509169281,1,0,0,0,0,0,0,0,0,1,0,0,0,0,0,0,0,0
Saving Mr. Banks,2013.939726,B,John Lee Hancock,5.916,5.509169281,0,0,0,1,0,0,0,0,0,0,0,1,0,0,0,0,0,0
The Aristocats,1970.312329,A,Wolfgang Reitherman,3.314126411,2.8325,1,0,0,0,0,0,0,0,0,0,0,0,0,1,0,0,0,1
Calendar Girls,2003.956164,C,Nigel Cole,1.708,5.509169281,0,0,0,1,0,0,0,0,1,0,0,0,0,0,0,0,0,0
Unstrung Heroes,1995.69863,D,Diane Keaton,14.524,5.509169281,0,0,1,0,0,0,0,0,0,0,0,1,0,0,0,0,0,0
Three Fugitives,1989.073973,B,Francis Veber,2.023,5.509169281,0,0,0,1,0,0,0,0,1,0,0,0,0,0,0,0,0,0
Tomorrowland,2015.389041,B,Brad Bird,9.443,5.509169281,0,0,1,0,0,0,1,0,0,0,0,0,0,0,0,0,0,0
The Village,2004.575342,B,M. Night Shyamalan,8.849,5.509169281,0,0,0,1,0,0,0,0,0,0,0,0,0,0,0,1,0,0
"Alexander and the Terrible, Horrible,Ã¢ÂÂ¦",2014.767123,C,Miguel Arteta,2.284,5.509169281,0,0,1,0,0,0,0,0,1,0,0,0,0,0,0,0,0,0
Arachnophobia,1990.542466,B,Frank Marshall,3.398,5.509169281,0,0,0,1,0,0,0,0,0,0,0,0,0,0,0,1,0,0
Lincoln,2012.846575,B,Steven Spielberg,20.495,5.509169281,0,0,0,1,0,0,0,0,0,0,0,1,0,0,0,0,0,0
The Horse Whisperer,1998.369863,B,Robert Redford,9.124,5.509169281,0,0,0,1,0,0,0,0,0,0,0,1,0,0,0,0,0,0
Muppets Most Wanted,2014.221918,C,James Bobin,1.478,5.509169281,0,0,1,0,0,0,0,0,1,0,0,0,0,0,0,0,0,0
Fantasia 2000 (IMAX),2000.00274,B,,3.314126411,5.509169281,1,0,0,0,0,0,0,0,0,0,0,0,0,1,0,0,0,0
Spaced Invaders,1990.320548,C,Patrick Read Johnson,1.376,5.509169281,0,0,1,0,0,0,0,0,1,0,0,0,0,0,0,0,0,0
Just Visiting,2001.263014,D,Jean-Marie PoirÃÂ©,0.991,5.509169281,0,0,0,1,0,0,0,0,1,0,0,0,0,0,0,0,0,0
Holes,2003.29589,B,Andrew Davis,4.503,5.509169281,0,0,1,0,0,0,0,0,0,0,0,1,0,0,0,0,0,0
The Last Shot,2004.723288,D,Jeff Nathanson,2.583,5.509169281,0,0,0,0,1,0,0,0,1,0,0,0,0,0,0,0,0,0
The Jungle Book,1967.789041,S,Wolfgang Reitherman,2.833,5.509169281,0,1,0,0,0,0,0,0,0,0,0,0,0,1,0,0,0,0
Meet the Robinsons,2007.246575,B,Stephen J. Anderson,2.676,5.603875,1,0,0,0,0,0,1,0,0,0,0,0,0,0,0,0,0,1
Dead Poets Society,1989.416438,A,Peter Weir,2.235,5.509169281,0,0,1,0,0,0,0,0,0,0,0,1,0,0,0,0,0,0
Avengers: Age of Ultron,2015.331507,A,Joss Whedon,5.923,5.509169281,0,0,0,1,0,1,0,0,0,0,0,0,0,0,0,0,0,0
Man of the House,1995.172603,B,James Orr,1.033,5.509169281,0,0,1,0,0,0,0,0,1,0,0,0,0,0,0,0,0,0
Bears,2014.29589,D,Alastair Fothergill,1.094,5.509169281,1,0,0,0,0,0,0,0,0,0,1,0,0,0,0,0,0,0
Passed Away,1992.312329,D,Charlie Peters,0.6,5.509169281,0,0,0,1,0,0,0,0,0,0,0,0,0,0,0,0,0,0
ESPN's Ultimate X - The Movie,2002.356164,D,,3.314126411,5.509169281,0,0,1,0,0,0,0,0,0,0,1,0,0,0,0,0,0,0
Atlantis: The Lost Empire,2001.432877,B,Gary Trousdale,3.308,6.005153846,0,0,1,0,0,0,1,0,0,0,0,0,0,0,0,0,0,1
Ernest Goes to Camp,1987.389041,C,John R. Cherry III,1.676,5.509169281,0,0,0,0,0,0,0,0,1,0,0,0,0,0,0,0,0,0
Teacher's Pet: The Movie,2004.043836,D,,3.314126411,5.509169281,0,0,1,0,0,0,0,0,1,0,0,0,0,0,0,0,0,0
Spy Hard,1996.394521,C,Rick Friedberg,0.656,5.509169281,0,0,0,1,0,0,0,0,1,0,0,0,0,0,0,0,0,0
Snow Dogs,2002.049315,B,Brian Levant,2.073,5.509169281,0,0,1,0,0,0,0,0,1,0,0,0,0,0,0,0,0,0
Frankenweenie,2012.753425,C,Tim Burton,10.14,5.509169281,0,0,1,0,0,0,0,0,1,0,0,0,0,0,0,0,0,0
Tuck Everlasting,2002.769863,C,Jay Russell,0.667,5.509169281,0,0,1,0,0,0,0,0,0,0,0,1,0,0,0,0,0,0
Hauru no ugoku shiro,2005.438356,D,Hayao Miyazaki,11.849,5.509169281,0,0,1,0,0,0,1,0,0,0,0,0,0,0,0,0,0,0
Gedo Senki (Tales from Earthsea),2010.610959,D,,3.314126411,5.509169281,0,0,0,1,0,0,1,0,0,0,0,0,0,0,0,0,0,0
Return to Oz,1985.468493,C,Walter Murch,3.113,5.509169281,0,0,0,0,0,0,1,0,0,0,0,0,0,0,0,0,0,0
Disney's A Christmas Carol,2009.838356,B,Robert Zemeckis,8.964,5.509169281,0,0,1,0,0,0,0,0,0,0,0,1,0,0,0,0,0,0
Prefontaine,1997.065753,D,Steve James,0.6,5.509169281,0,0,0,1,0,0,0,0,0,0,0,1,0,0,0,0,0,0
Beaches,1988.961644,B,Garry Marshall,3.741,5.509169281,0,0,0,1,0,0,0,0,0,0,0,1,0,0,0,0,0,0
101 Dalmatians,1961.068493,S,Hamilton Luske,2.323,5.509169281,1,0,0,0,0,0,0,0,1,0,0,0,0,0,0,0,0,0
The Last Song,2010.249315,C,Julie Anne Robinson,1.543,5.509169281,0,0,1,0,0,0,0,0,0,0,0,1,0,0,0,0,0,0
Father Hood,1993.649315,D,Darrell James Roodt,0.6,5.509169281,0,0,0,1,0,0,0,0,0,0,0,0,0,0,0,0,0,0
Encino Man,1992.389041,B,Les Mayfield,2.115,5.509169281,0,0,1,0,0,0,0,0,1,0,0,0,0,0,0,0,0,0
Sweet Home Alabama,2002.731507,B,Andy Tennant,1.327,5.509169281,0,0,0,1,0,0,0,0,1,0,0,0,0,0,0,0,0,0
Play it to the Bone,1999.969863,D,Ron Shelton,2.801,5.509169281,0,0,0,0,1,0,0,0,1,0,0,0,0,0,0,0,0,0
The Odd Life of Timothy Green,2012.616438,C,Peter Hedges,1.4,5.509169281,0,0,1,0,0,0,0,0,0,0,0,1,0,0,0,0,0,0
Honey I Blew Up the Kid,1992.539726,B,Randal Kleiser,1.4,5.509169281,0,0,1,0,0,0,0,0,1,0,0,0,0,0,0,0,0,0
Hercules,1997.446575,B,Ron Clements,2.792,5.879659091,1,0,0,0,0,0,1,0,0,0,0,0,0,0,0,0,0,1
