title,release_date,revenue,director,CharactersCount,DirectorPop,IsAnimation,ActorsAvg,_is_G,_is_Not Rated,_is_PG,_is_PG-13,_is_R,_is_Action,_is_Adventure,_is_Black Comedy,_is_Comedy,_is_Concert/Performance,_is_Documentary,_is_Drama,_is_Horror,_is_Musical,_is_Romantic Comedy,_is_Thriller/Suspense,_is_Western
Recess: School's Out,2/16/2001,"$54,656,124 ",Chuck Sheetz,0,1.62,0,,1,0,0,0,0,0,0,0,1,0,0,0,0,0,0,0,0
D2: The Mighty Ducks,3/25/1994,"$94,226,333 ",Sam Weisman,0,1.579,0,,0,0,1,0,0,0,0,0,1,0,0,0,0,0,0,0,0
Home on the Range,4/2/2004,"$67,910,166 ",Will Finn,16,2.32,1,7.8548125,0,0,1,0,0,0,0,0,1,0,0,0,0,0,0,0,0
Young Black Stallion,12/25/2003,"$9,254,344 ",Simon Wincer,0,4.736,0,,1,0,0,0,0,0,1,0,0,0,0,0,0,0,0,0,0
What's Love Got to Do With It,6/9/1993,"$79,618,610 ",Brian Gibson,0,1.084,0,,0,0,0,0,1,0,0,0,0,0,0,1,0,0,0,0,0
Lady and the Tramp,6/22/2055,"$1,236,035,515 ",Hamilton Luske,11,3.134,1,2.799454545,1,0,0,0,0,0,0,0,0,0,0,1,0,0,0,0,0
Corky Romano,10/12/2001,"$35,705,805 ",Rob Pritts,0,1.38,0,,0,0,0,1,0,0,0,0,1,0,0,0,0,0,0,0,0
The Waterboy,11/6/1998,"$288,691,833 ",Frank Coraci,0,7.036,0,,0,0,0,1,0,0,0,0,1,0,0,0,0,0,0,0,0
Captain America: The Winter Soldier,4/4/2014,"$268,013,076 ",Anthony Russo Joe Russo,0,0,0,,0,0,0,1,0,1,0,0,0,0,0,0,0,0,0,0,0
Pirates of the Caribbean: Dead ManÃÂ¢ÃÂÃÂÃÂ¢ÃÂÃÂ¦,7/7/2006,"$544,817,142 ",Gore Verbinski,0,5.365,0,,0,0,0,1,0,0,1,0,0,0,0,0,0,0,0,0,0
Ladder 49,10/1/2004,"$101,161,045 ",Jay Russell,0,3.066,0,,0,0,0,1,0,1,0,0,0,0,0,0,0,0,0,0,0
Coyote Ugly,8/4/2000,"$95,070,168 ",David McNally,0,1.4,0,,0,0,0,1,0,0,0,0,0,0,0,1,0,0,0,0,0
The Sixth Man,3/28/1997,"$27,117,599 ",Randall Miller,0,2.24,0,,0,0,0,1,0,0,0,0,1,0,0,0,0,0,0,0,0
Dick Tracy,6/15/1990,"$207,231,621 ",Warren Beatty,0,5.024,0,,0,0,1,0,0,1,0,0,0,0,0,0,0,0,0,0,0
Sister Act 2 Back in the Habit,12/10/1993,"$116,965,668 ",Bill Duke,0,9.093,0,,0,0,1,0,0,0,0,0,1,0,0,0,0,0,0,0,0
DuckTales: The Movie - Treasure of thÃÂ¢ÃÂÃÂ¦,8/3/1990,"$36,107,823 ",Bob Hathcock,0,1.4,0,,1,0,0,0,0,0,1,0,0,0,0,0,0,0,0,0,0
Blame it on the Bellboy,3/6/1992,"$5,872,667 ",Mark Herman,0,1.4,0,,0,0,0,1,0,0,0,0,1,0,0,0,0,0,0,0,0
The Hunchback of Notre Dame,6/21/1996,"$190,988,799 ",Gary Trousdale,11,4.509,1,6.384636364,1,0,0,0,0,0,1,0,0,0,0,0,0,0,0,0,0
Ernest Goes to Jail,4/6/1990,"$49,999,822 ",John R. Cherry III,0,1.48,0,,0,0,1,0,0,0,0,0,1,0,0,0,0,0,0,0,0
Ant-Man,7/17/2015,"$180,202,163 ",Peyton Reed,0,6.786,0,,0,0,0,1,0,1,0,0,0,0,0,0,0,0,0,0,0
The Shaggy Dog,3/10/2006,"$78,667,428 ",Brian Robbins,0,4.799,0,,0,0,1,0,0,0,0,0,1,0,0,0,0,0,0,0,0
The Life Aquatic with Steve Zissou,12/10/2004,"$32,198,655 ",Wes Anderson,0,8.573,0,,0,0,0,0,1,0,0,0,1,0,0,0,0,0,0,0,0
Bridge to Terabithia,2/16/2007,"$100,760,721 ",GÃÂÃÂ¡bor CsupÃÂÃÂ³,0,0,0,,0,0,1,0,0,0,0,0,0,0,0,1,0,0,0,0,0
Beauty and the Beast,11/13/1991,"$363,017,667 ",Gary Trousdale,19,4.509,1,6.665777778,1,0,0,0,0,0,0,0,0,0,0,0,0,1,0,0,0
Miami Rhapsody,1/27/1995,"$9,857,435 ",David Frankel,0,2.161,0,,0,0,0,1,0,0,0,0,0,0,0,0,0,0,1,0,0
A Bug's Life,11/20/1998,"$288,981,698 ",John Lasseter,0,4.98,0,,1,0,0,0,0,0,1,0,0,0,0,0,0,0,0,0,0
3 Men and a Little Lady,11/21/1990,"$143,108,869 ",Emile Ardolino,0,9.122,0,,0,0,1,0,0,0,0,0,1,0,0,0,0,0,0,0,0
The Puppet Masters,10/21/1994,"$17,727,017 ",Stuart Orme,0,1.813,0,,0,0,0,0,1,0,0,0,0,0,0,0,1,0,0,0,0
Signs,8/2/2002,"$330,754,439 ",M. Night Shyamalan,0,7.184,0,,0,0,0,1,0,0,0,0,0,0,0,0,0,0,0,1,0
Dead Presidents,10/4/1995,"$46,741,467 ",Albert Hughes,0,6.53,0,,0,0,0,0,1,0,0,0,0,0,0,1,0,0,0,0,0
"McFarland, USA",2/20/2015,"$44,480,275 ",Niki Caro,0,1.653,0,,0,0,1,0,0,0,0,0,0,0,0,1,0,0,0,0,0
George Of The Jungle,7/16/1997,"$193,326,632 ",Sam Weisman,0,1.579,0,,0,0,1,0,0,0,0,0,1,0,0,0,0,0,0,0,0
Bound by Honor,4/16/1993,"$9,156,084 ",Taylor Hackford,0,5.152,0,,0,0,0,0,1,0,0,0,0,0,0,0,0,0,0,0,0
The Avengers,5/4/2012,"$660,081,224 ",Joss Whedon,0,10.768,0,,0,0,0,1,0,1,0,0,0,0,0,0,0,0,0,0,0
Ten Things I Hate About You,3/31/1999,"$63,354,375 ",Gil Junger,0,5.614,0,,0,0,0,1,0,0,0,0,0,0,0,0,0,0,1,0,0
Earth,4/22/2009,"$35,981,010 ",Ben Wheatley,0,3.624,0,,1,0,0,0,0,0,0,0,0,0,1,0,0,0,0,0,0
Hello Again,11/6/1987,"$44,024,529 ",Frank Perry,0,1.282,0,,0,0,0,0,0,0,0,0,1,0,0,0,0,0,0,0,0
When a Man Loves a Woman,4/29/1994,"$103,354,194 ",Luis Mandoki,0,1.4,0,,0,0,0,0,1,0,0,0,0,0,0,1,0,0,0,0,0
Unbreakable,11/22/2000,"$148,208,901 ",M. Night Shyamalan,0,7.184,0,,0,0,0,1,0,0,0,0,0,0,0,0,0,0,0,1,0
3 Men and a Baby,11/25/1987,"$353,334,607 ",Leonard Nimoy,0,10.142,0,,0,0,1,0,0,0,0,0,1,0,0,0,0,0,0,0,0
X Games 3D: The Movie,8/21/2009,"$1,563,976 ",Steven Lawrence,0,2.246,0,,0,0,1,0,0,0,0,0,0,0,1,0,0,0,0,0,0
Cars 2,6/24/2011,"$203,522,177 ",John Lasseter,0,4.98,0,,1,0,0,0,0,0,1,0,0,0,0,0,0,0,0,0,0
The Princess Diaries 2: Royal Engagement,8/11/2004,"$129,164,207 ",Gidion Phillips,0,0.98,0,,1,0,0,0,0,0,0,0,0,0,0,0,0,0,1,0,0
The Jungle Book 2,2/14/2003,"$66,966,883 ",Steve Trenbirth,0,1.018,0,,1,0,0,0,0,0,1,0,0,0,0,0,0,0,0,0,0
Aspen Extreme,1/22/1993,"$15,970,955 ",Patrick Hasburgh,0,1.132,0,,0,0,0,1,0,0,0,0,0,0,0,0,0,0,1,0,0
Noises Off...,3/20/1992,"$4,631,720 ",Peter Bogdanovich,0,8.203,0,,0,0,0,1,0,0,0,0,1,0,0,0,0,0,0,0,0
He Got Game,5/1/1998,"$38,766,948 ",Spike Lee,0,10.922,0,,0,0,0,0,1,0,0,0,0,0,0,1,0,0,0,0,0
Bringing Down the House,3/7/2003,"$185,481,530 ",Adam Shankman,0,3.366,0,,0,0,0,1,0,0,0,0,1,0,0,0,0,0,0,0,0
Bon Voyage!,5/17/2062,"$109,581,646 ",Jean-Paul Rappeneau,0,1.047,0,,0,1,0,0,0,0,0,0,1,0,0,0,0,0,0,0,0
Doctor Strange,11/4/2016,"$232,532,923 ",Scott Derrickson,0,2.815,0,,0,0,0,1,0,0,1,0,0,0,0,0,0,0,0,0,0
Flubber,11/26/1997,"$170,406,423 ",Les Mayfield,0,2.766,0,,0,0,1,0,0,0,0,0,1,0,0,0,0,0,0,0,0
Roving Mars,1/27/2006,"$12,948,025 ",George Butler,0,1.38,0,,1,0,0,0,0,0,0,0,0,0,1,0,0,0,0,0,0
Captain Ron,9/18/1992,"$45,741,576 ",Thom Eberhardt,0,1.454,0,,0,0,0,1,0,0,0,0,1,0,0,0,0,0,0,0,0
Shadow Conspiracy,1/31/1997,"$3,957,025 ",George P. Cosmatos,0,4.257,0,,0,0,0,0,1,0,0,0,0,0,0,0,0,0,0,1,0
Good Morning Vietnam,12/23/1987,"$254,414,837 ",Barry Levinson,0,4.682,0,,0,0,0,0,1,0,0,0,1,0,0,0,0,0,0,0,0
Babes in Toyland,12/14/2061,"$124,841,160 ",Jack Donohue,0,1.093,0,,1,0,0,0,0,0,0,0,0,0,0,0,0,1,0,0,0
An Innocent Man,10/6/1989,"$40,983,414 ",Peter Yates,0,1.938,0,,0,0,0,0,1,0,0,0,0,0,0,1,0,0,0,0,0
Summer of Sam,7/2/1999,"$32,007,656 ",Spike Lee,0,10.922,0,,0,0,0,0,1,0,0,0,0,0,0,1,0,0,0,0,0
The Good Dinosaur,11/25/2015,"$123,087,120 ",Peter Sohn,0,9.863,0,,0,0,1,0,0,0,1,0,0,0,0,0,0,0,0,0,0
Angels in the Outfield,7/15/1994,"$103,798,152 ",William Dear,0,3.532,0,,0,0,1,0,0,0,0,0,1,0,0,0,0,0,0,0,0
Tough Guys,10/3/1986,"$48,758,184 ",Jeff Kanew,0,2.425,0,,0,0,0,0,0,0,0,0,1,0,0,0,0,0,0,0,0
Something Wicked This Way Comes,4/29/1983,"$15,136,765 ",Jack Clayton,0,2.923,0,,0,0,0,0,0,0,0,0,0,0,0,0,1,0,0,0,0
The Rocketeer,6/21/1991,"$93,256,673 ",Joe Johnston,0,7.935,0,,0,0,1,0,0,1,0,0,0,0,0,0,0,0,0,0,0
Stakeout,8/5/1987,"$141,592,160 ",John Badham,0,2.955,0,,0,0,0,0,1,0,0,0,1,0,0,0,0,0,0,0,0
National Treasure 2: Book of Secrets,12/21/2007,"$267,003,525 ",Jon Turteltaub,0,5.327,0,,0,0,1,0,0,0,1,0,0,0,0,0,0,0,0,0,0
Terminal Velocity,9/23/1994,"$34,048,315 ",Deran Sarafian,0,2.488,0,,0,0,0,1,0,1,0,0,0,0,0,0,0,0,0,0,0
Apocalypto,12/8/2006,"$64,959,548 ",Mel Gibson,0,24.357,0,,0,0,0,0,1,0,1,0,0,0,0,0,0,0,0,0,0
Invincible,8/25/2006,"$74,398,864 ",Ericson Core,0,1.76,0,,0,0,1,0,0,0,0,0,0,0,0,1,0,0,0,0,0
25th Hour,12/19/2002,"$18,325,463 ",Spike Lee,0,10.922,0,,0,0,0,0,1,0,0,0,0,0,0,1,0,0,0,0,0
Mighty Joe Young,12/25/1998,"$87,906,042 ",Ron Underwood,0,5.008,0,,0,0,1,0,0,0,1,0,0,0,0,0,0,0,0,0,0
Deceived,9/27/1991,"$57,544,453 ",Damian Harris,0,2.631,0,,0,0,0,1,0,0,0,0,0,0,0,0,0,0,0,1,0
Never Cry Wolf,10/7/1983,"$70,669,955 ",Carroll Ballard,0,0.676,0,,0,0,0,0,0,0,0,0,0,0,0,1,0,0,0,0,0
G-Force,7/24/2009,"$134,246,932 ",Hoyt Yeatman,0,2.216,0,,0,0,1,0,0,0,1,0,0,0,0,0,0,0,0,0,0
Feast of July,10/13/1995,"$568,342 ",Christopher Menaul,0,2.038,0,,0,0,0,0,1,0,0,0,0,0,0,1,0,0,0,0,0
The Lookout,3/30/2007,"$5,637,048 ",Scott Frank,0,6.184,0,,0,0,0,0,1,0,0,0,0,0,0,1,0,0,0,0,0
Cool Runnings,10/1/1993,"$140,392,731 ",Jon Turteltaub,0,5.327,0,,0,0,1,0,0,0,0,0,1,0,0,0,0,0,0,0,0
Alice Through the Looking Glass,5/27/2016,"$77,042,381 ",James Bobin,0,3.755,0,,0,0,1,0,0,0,1,0,0,0,0,0,0,0,0,0,0
The Devil and Max Devlin,1/1/1981,"$48,517,980 ",Steven Hilliard Stern,0,2.599,0,,0,0,0,0,0,0,0,0,0,0,0,0,0,0,0,0,0
The Chronicles of Narnia: Prince Caspian,5/16/2008,"$166,277,038 ",Andrew Adamson,0,5.442,0,,0,0,1,0,0,0,1,0,0,0,0,0,0,0,0,0,0
The Insider,11/5/1999,"$47,794,214 ",Michael Mann,0,9.996,0,,0,0,0,0,1,0,0,0,0,0,0,1,0,0,0,0,0
Camp Nowhere,8/26/1994,"$21,576,332 ",Jonathan Prince,0,1.821,0,,0,0,1,0,0,0,0,0,1,0,0,0,0,0,0,0,0
The Rock,6/7/1996,"$255,702,705 ",Michael Bay,0,11.936,0,,0,0,0,0,1,1,0,0,0,0,0,0,0,0,0,0,0
Green Card,12/25/1990,"$59,679,131 ",Peter Weir,0,3.431,0,,0,0,0,1,0,0,0,0,0,0,0,0,0,0,1,0,0
Real Steel,10/7/2011,"$90,848,019 ",Shawn Levy,0,18.248,0,,0,0,0,1,0,1,0,0,0,0,0,0,0,0,0,0,0
A Kid in King Arthur's Court,8/11/1995,"$25,981,285 ",Michael Gottlieb,0,0.623,0,,0,0,1,0,0,0,1,0,0,0,0,0,0,0,0,0,0
The Last Flight of NoahÃÂ¢ÃÂÃÂs Ark,6/25/1980,"$34,472,116 ",Charles Jarrott,0,1.176,0,,0,0,0,0,0,0,0,0,0,0,0,0,0,0,0,0,0
African Cats,4/22/2011,"$16,401,551 ",Alastair Fothergill,0,2.158,0,,1,0,0,0,0,0,0,0,0,0,1,0,0,0,0,0,0
Toy Story 3D Double Feature,10/2/2009,"$34,509,545 ",John Lasseter,0,4.98,0,,1,0,0,0,0,0,1,0,0,0,0,0,0,0,0,0,0
Into the Woods,12/25/2014,"$130,894,237 ",Rob Marshall,0,2.366,0,,0,0,1,0,0,0,0,0,0,0,0,0,0,1,0,0,0
Finding Nemo,5/30/2003,"$518,148,559 ",Andrew Stanton,0,6.336,0,,1,0,0,0,0,0,1,0,0,0,0,0,0,0,0,0,0
The Good Mother,11/4/1988,"$9,772,655 ",Leonard Nimoy,0,10.142,0,,0,0,0,0,0,0,0,0,0,0,0,1,0,0,0,0,0
The Hundred-Foot Journey,8/8/2014,"$55,961,409 ",Lasse HallstrÃÂÃÂ¶m,0,0,0,,0,0,1,0,0,0,0,0,0,0,0,0,0,0,1,0,0
Pearl Harbor,5/25/2001,"$295,705,112 ",Michael Rosenfeld,0,0.6,0,,0,0,0,1,0,1,0,0,0,0,0,0,0,0,0,0,0
Pirates of the Caribbean: At WorldÃÂ¢ÃÂÃÂÃÂ¢ÃÂÃÂ¦,5/24/2007,"$379,129,960 ",Gore Verbinski,0,5.365,0,,0,0,0,1,0,0,1,0,0,0,0,0,0,0,0,0,0
Color of Night,8/19/1994,"$40,804,816 ",Richard Rush,0,1.96,0,,0,0,0,0,1,0,0,0,0,0,0,0,0,0,0,1,0
Romy and Michele's High School Reunion,4/25/1997,"$53,693,680 ",David Mirkin,0,3.121,0,,0,0,0,0,1,0,0,0,1,0,0,0,0,0,0,0,0
Cheetah,8/18/1989,"$16,653,473 ",Jeff Blyth,0,0.6,0,,0,0,0,0,0,0,1,0,0,0,0,0,0,0,0,0,0
Jack,8/9/1996,"$111,792,852 ",Francis Ford Coppola,0,6.62,0,,0,0,0,1,0,0,0,0,0,0,0,1,0,0,0,0,0
Monsters University,6/21/2013,"$278,395,641 ",Dan Scanlon,0,2.841,0,,1,0,0,0,0,0,1,0,0,0,0,0,0,0,0,0,0
The Fifth Estate,10/18/2013,"$3,374,251 ",Bill Condon,0,9.348,0,,0,0,0,0,1,0,0,0,0,0,0,1,0,0,0,0,0
Before and After,2/23/1996,"$16,482,589 ",Barbet Schroeder,0,1.977,0,,0,0,0,1,0,0,0,0,0,0,0,1,0,0,0,0,0
Moonlight Mile,9/27/2002,"$9,909,094 ",Brad Silberling,0,4.72,0,,0,0,0,1,0,0,0,0,0,0,0,1,0,0,0,0,0
A Stranger Among Us,7/17/1992,"$24,950,752 ",Sidney Lumet,0,7.344,0,,0,0,0,1,0,0,0,0,0,0,0,1,0,0,0,0,0
The Lizzie McGuire Movie,5/2/2003,"$59,743,191 ",Jim Fall,0,1.96,0,,0,0,1,0,0,0,0,0,1,0,0,0,0,0,0,0,0
Krippendorf's Tribe,2/27/1998,"$13,608,633 ",Todd Holland,0,5.061,0,,0,0,0,1,0,0,0,0,1,0,0,0,0,0,0,0,0
crazy/beautiful,6/29/2001,"$25,214,223 ",John Stockwell,0,9.155,0,,0,0,0,1,0,0,0,0,0,0,0,1,0,0,0,0,0
Adventures in Babysitting,7/3/1987,"$72,853,569 ",Chris Columbus,0,7.679,0,,0,0,0,0,0,0,0,0,1,0,0,0,0,0,0,0,0
The Game Plan,9/22/2007,"$111,010,758 ",Andy Fickman,0,4.319,0,,0,0,1,0,0,0,0,0,1,0,0,0,0,0,0,0,0
Splash,3/9/1984,"$157,057,661 ",Ron Howard,0,9.707,0,,0,0,1,0,0,0,0,0,1,0,0,0,0,0,0,0,0
Who Framed Roger Rabbit?,6/22/1988,"$316,250,084 ",Robert Zemeckis,0,9.118,0,,0,0,1,0,0,0,0,0,1,0,0,0,0,0,0,0,0
The Light Between Oceans,9/2/2016,"$12,545,979 ",Derek Cianfrance,0,1.4,0,,0,0,0,1,0,0,0,0,0,0,0,1,0,0,0,0,0
The Guardian,9/29/2006,"$70,801,353 ",Mark J. Doddy,0,0.6,0,,0,0,0,1,0,1,0,0,0,0,0,0,0,0,0,0,0
The Sword in the Stone,12/25/2063,"$153,870,834 ",Wolfgang Reitherman,10,5.595,1,4.6825,0,0,0,0,0,0,1,0,0,0,0,0,0,0,0,0,0
Mr. Holland's Opus,12/29/1995,"$157,508,868 ",Stephen Herek,0,7.521,0,,0,0,1,0,0,0,0,0,0,0,0,1,0,0,0,0,0
The Rescuers Down Under,11/16/1990,"$55,796,728 ",Mike Gabriel,12,1.827,1,5.877333333,1,0,0,0,0,0,1,0,0,0,0,0,0,0,0,0,0
The Preacher's Wife,12/13/1996,"$91,076,877 ",Penny Marshall,0,2.772,0,,0,0,1,0,0,0,0,0,0,0,0,1,0,0,0,0,0
Sarafina!,9/18/1992,"$14,841,352 ",Darrell James Roodt,0,2.051,0,,0,0,0,1,0,0,0,0,0,0,0,1,0,0,0,0,0
Trenchcoat,3/11/1983,"$11,519,089 ",Michael Tuchner,0,0.84,0,,0,0,0,0,0,0,0,0,1,0,0,0,0,0,0,0,0
Confessions of a Teenage Drama Queen,2/20/2004,"$39,816,568 ",Sara Sugarman,0,3.082,0,,0,0,1,0,0,0,0,0,1,0,0,0,0,0,0,0,0
Around the World in 80 Days,6/16/2004,"$32,585,356 ",Frank Coraci,0,7.036,0,,0,0,1,0,0,0,1,0,0,0,0,0,0,0,0,0,0
Blaze,12/13/1989,"$39,884,640 ",Ron Shelton,0,5.884,0,,0,0,0,0,1,0,0,0,0,0,0,1,0,0,0,0,0
Toy Story,11/22/1995,"$370,409,631 ",John Lasseter,0,4.98,0,,1,0,0,0,0,0,1,0,0,0,0,0,0,0,0,0,0
Prince of Persia: Sands of Time,5/28/2010,"$96,971,361 ",Mike Newell,0,4.624,0,,0,0,0,1,0,1,0,0,0,0,0,0,0,0,0,0,0
Eddie,5/31/1996,"$59,828,966 ",Steve Rash,0,2.649,0,,0,0,0,1,0,0,0,0,1,0,0,0,0,0,0,0,0
White Fang 2: Myth of the White Wolf,4/15/1994,"$18,083,994 ",Ken Olin,0,4.906,0,,0,0,1,0,0,0,1,0,0,0,0,0,0,0,0,0,0
White Squall,2/2/1996,"$19,509,726 ",Ridley Scott,0,10.705,0,,0,0,0,1,0,0,1,0,0,0,0,0,0,0,0,0,0
The Invisible,4/27/2007,"$25,202,168 ",David S. Goyer,0,4.59,0,,0,0,0,1,0,0,0,0,0,0,0,0,0,0,0,1,0
Guilty as Sin,6/4/1993,"$46,064,723 ",Sidney Lumet,0,7.344,0,,0,0,0,0,1,0,0,0,0,0,0,0,0,0,0,1,0
Operation Dumbo Drop,7/28/1995,"$47,809,421 ",Simon Wincer,0,4.736,0,,0,0,1,0,0,0,1,0,0,0,0,0,0,0,0,0,0
Ghosts of the Abyss,4/11/2003,"$23,803,108 ",James Cameron,0,15.79,0,,1,0,0,0,0,0,0,0,0,0,1,0,0,0,0,0,0
Scenes from a Mall,2/22/1991,"$19,149,495 ",Paul Mazursky,0,3.252,0,,0,0,0,0,0,0,0,0,1,0,0,0,0,0,0,0,0
The BFG,7/1/2016,"$55,483,770 ",Steven Spielberg,0,21.12,0,,0,0,1,0,0,0,1,0,0,0,0,0,0,0,0,0,0
Tron,7/9/1982,"$77,184,895 ",Steven Lisberger,0,1.553,0,,0,0,0,0,0,1,0,0,0,0,0,0,0,0,0,0,0
Firelight,9/4/1998,"$1,409,943 ",William Nicholson,0,2.251,0,,0,0,0,0,1,0,0,0,0,0,0,1,0,0,0,0,0
Delivery Man,11/22/2013,"$31,787,136 ",Ken Scott,0,1.816,0,,0,0,0,1,0,0,0,0,1,0,0,0,0,0,0,0,0
New York Stories,3/1/1989,"$22,740,861 ",Francis Ford Coppola,0,6.62,0,,0,0,1,0,0,0,0,0,0,0,0,1,0,0,0,0,0
Disorganized Crime,4/14/1989,"$15,233,465 ",Jim Kouf,0,6.223,0,,0,0,0,0,0,0,0,0,1,0,0,0,0,0,0,0,0
Tom and Huck,12/22/1995,"$45,911,517 ",Peter Hewitt,0,3.154,0,,0,0,1,0,0,0,1,0,0,0,0,0,0,0,0,0,0
Keeping the Faith,4/14/2000,"$57,925,202 ",Edward Norton,0,19.054,0,,0,0,0,1,0,0,0,0,0,0,0,0,0,0,1,0,0
Grosse Pointe Blank,4/11/1997,"$51,579,764 ",George Armitage,0,1.4,0,,0,0,0,0,1,0,0,1,0,0,0,0,0,0,0,0,0
Indian Summer,4/23/1993,"$29,968,953 ",Mike Binder,0,1.47,0,,0,0,0,0,1,0,0,0,1,0,0,0,0,0,0,0,0
The Princess and the Frog,11/25/2009,"$116,316,457 ",Ron Clements,18,2.526,1,6.163666667,1,0,0,0,0,0,1,0,0,0,0,0,0,0,0,0,0
Billy Bathgate,11/1/1991,"$31,167,691 ",Robert Benton,0,2.507,0,,0,0,0,0,1,0,0,0,0,0,0,1,0,0,0,0,0
3 Ninjas Kick Back,5/6/1994,"$24,267,154 ",Charles T. Kanganis,0,1.052,0,,0,0,1,0,0,1,0,0,0,0,0,0,0,0,0,0,0
My Boyfriend's Back,8/6/1993,"$6,554,384 ",Bob Balaban,0,8.343,0,,0,0,0,1,0,0,0,0,0,0,0,0,0,0,0,0,0
Goal! The Dream Begins,5/12/2006,"$5,512,647 ",Danny Cannon,0,4.592,0,,0,0,1,0,0,0,0,0,0,0,0,1,0,0,0,0,0
Country,9/29/1984,"$21,075,000 ",Richard Pearce,0,1.129,0,,0,0,0,0,0,0,0,0,0,0,0,1,0,0,0,0,0
Big Trouble,4/5/2002,"$10,537,188 ",Barry Sonnenfeld,0,5.841,0,,0,0,0,1,0,0,0,0,1,0,0,0,0,0,0,0,0
People Like Us,6/29/2012,"$13,165,822 ",Alex Kurtzman,0,7.012,0,,0,0,0,1,0,0,0,0,0,0,0,1,0,0,0,0,0
Mars Needs Moms,3/11/2011,"$22,741,603 ",Simon Wells,0,2.796,0,,0,0,1,0,0,0,1,0,0,0,0,0,0,0,0,0,0
Angie,3/4/1994,"$19,116,981 ",Martha Coolidge,0,3.443,0,,0,0,0,0,1,0,0,0,1,0,0,0,0,0,0,0,0
Deuce Bigalow: Male Gigolo,12/10/1999,"$106,921,374 ",Mike Mitchell,0,5.746,0,,0,0,0,0,1,0,0,0,1,0,0,0,0,0,0,0,0
Veronica Guerin,10/17/2003,"$2,194,759 ",Joel Schumacher,0,2.794,0,,0,0,0,0,1,0,0,0,0,0,0,1,0,0,0,0,0
Max Keeble's Big Move,10/5/2001,"$25,749,730 ",Tim Hill,0,2.326,0,,0,0,1,0,0,0,0,0,1,0,0,0,0,0,0,0,0
The Scarlet Letter,10/13/1995,"$20,075,033 ",Roland JoffÃÂÃÂ©,0,0,0,,0,0,0,0,1,0,0,0,0,0,0,1,0,0,0,0,0
D3: The Mighty Ducks,10/4/1996,"$43,713,554 ",Rob Lieberman,0,4.514,0,,0,0,1,0,0,0,0,0,1,0,0,0,0,0,0,0,0
Up,5/29/2009,"$329,336,681 ",Pete Docter,0,9.735,0,,0,0,1,0,0,0,1,0,0,0,0,0,0,0,0,0,0
Alive,1/15/1993,"$73,914,543 ",Frank Marshall,0,3.076,0,,0,0,0,0,1,0,1,0,0,0,0,0,0,0,0,0,0
Can't Buy Me Love,8/14/1987,"$68,181,300 ",Steve Rash,0,2.649,0,,0,0,0,0,0,0,0,0,0,0,0,0,0,0,1,0,0
The Hoax,4/6/2007,"$8,779,196 ",Lasse HallstrÃÂ¶m,0,7.651,0,,0,0,0,0,1,0,0,0,0,0,0,1,0,0,0,0,0
Fantasia,11/13/2040,"$2,187,090,808 ",full credits,6,1,1,8.8155,1,0,0,0,0,0,0,0,0,0,0,0,0,1,0,0,0
Crimson Tide,5/12/1995,"$177,102,077 ",Tony Scott,0,5.527,0,,0,0,0,0,1,1,0,0,0,0,0,0,0,0,0,0,0
Ransom,11/8/1996,"$259,807,820 ",Ron Howard,0,9.707,0,,0,0,0,0,1,1,0,0,0,0,0,0,0,0,0,0,0
Pretty Woman,3/23/1990,"$356,389,765 ",Garry Marshall,0,5.471,0,,0,0,0,0,1,0,0,0,0,0,0,0,0,0,1,0,0
Inspector Gadget,7/23/1999,"$161,610,341 ",David Kellogg,0,0.6,0,,0,0,1,0,0,0,0,0,1,0,0,0,0,0,0,0,0
Winnie the Pooh,7/15/2011,"$28,375,869 ",Stephen J. Anderson,0,5.169,0,,1,0,0,0,0,0,1,0,0,0,0,0,0,0,0,0,0
The Tigger Movie,2/11/2000,"$71,228,678 ",Jun Falkenstein,0,1.736,0,,1,0,0,0,0,0,1,0,0,0,0,0,0,0,0,0,0
Heavy Weights,2/17/1995,"$34,245,779 ",Steven Brill,0,4.337,0,,0,0,1,0,0,0,0,0,1,0,0,0,0,0,0,0,0
What About Bob?,5/17/1991,"$127,571,325 ",Frank Oz,0,9.478,0,,0,0,1,0,0,0,0,0,1,0,0,0,0,0,0,0,0
Condorman,8/7/1981,$0 ,Charles Jarrott,0,1.176,0,,0,0,0,0,0,1,0,0,0,0,0,0,0,0,0,0,0
The Haunted Mansion,11/26/2003,"$105,775,678 ",Rob Minkoff,0,6.39,0,,0,0,1,0,0,0,0,0,1,0,0,0,0,0,0,0,0
The Hitchhiker's Guide to the Galaxy,4/29/2005,"$67,096,891 ",Garth Jennings,0,7.925,0,,0,0,1,0,0,0,0,0,1,0,0,0,0,0,0,0,0
Bedknobs and Broomsticks,10/7/2071,"$91,305,448 ",Robert Stevenson,4,6.191,1,3.301,0,0,0,0,0,0,0,0,0,0,0,0,0,1,0,0,0
Pooh's Heffalump Movie,2/11/2005,"$23,801,835 ",Frank Nissen,1,1.62,1,1.87,1,0,0,0,0,0,1,0,0,0,0,0,0,0,0,0,0
Open Range,8/15/2003,"$81,547,672 ",Kevin Costner,0,23.35,0,,0,0,0,0,1,0,0,0,0,0,0,0,0,0,0,0,1
D.O.A.,3/18/1988,"$26,062,188 ",Annabel Jankel,0,1.102,0,,0,0,0,0,0,0,0,0,0,0,0,0,0,0,0,1,0
Meet the Deedles,3/27/1998,"$7,829,877 ",Steve Boyum,0,2.232,0,,0,0,1,0,0,0,0,0,1,0,0,0,0,0,0,0,0
A Beautiful Planet,4/29/2016,"$7,895,708 ",Toni Myers,0,0.6,0,,1,0,0,0,0,0,0,0,0,0,1,0,0,0,0,0,0
Sister Act,5/29/1992,"$283,583,472 ",Emile Ardolino,0,9.122,0,,0,0,1,0,0,0,0,0,1,0,0,0,0,0,0,0,0
Strange Magic,1/23/2015,"$12,429,583 ",Gary Rydstrom,0,4.681,0,,0,0,1,0,0,0,1,0,0,0,0,0,0,0,0,0,0
The Many Adventures of Winnie the Pooh,3/11/1977,$0 ,Wolfgang Reitherman,0,5.595,0,,0,0,0,0,0,0,0,0,0,0,0,0,0,0,0,0,0
Quiz Show,9/14/1994,"$50,840,394 ",Robert Redford,0,14.904,0,,0,0,0,1,0,0,0,0,0,0,0,1,0,0,0,0,0
While You Were Sleeping,4/21/1995,"$157,082,900 ",Jon Turteltaub,0,5.327,0,,0,0,1,0,0,0,0,0,0,0,0,0,0,0,1,0,0
Bedtime Stories,12/25/2008,"$128,039,679 ",Adam Shankman,0,3.366,0,,0,0,1,0,0,0,0,0,1,0,0,0,0,0,0,0,0
"The Chronicles of Narnia: The Lion, tÃÂ¢ÃÂÃÂ¦",12/9/2005,"$381,557,539 ",Andrew Adamson,0,5.442,0,,0,0,1,0,0,0,1,0,0,0,0,0,0,0,0,0,0
Instinct,6/4/1999,"$56,595,842 ",Jon Turteltaub,0,5.327,0,,0,0,0,0,1,0,0,0,0,0,0,1,0,0,0,0,0
Step Up,8/11/2006,"$84,078,780 ",Anne Fletcher,0,4.963,0,,0,0,0,1,0,0,0,0,0,0,0,1,0,0,0,0,0
G.I. Jane,8/22/1997,"$88,467,531 ",Ridley Scott,0,10.705,0,,0,0,0,0,1,0,0,0,0,0,0,1,0,0,0,0,0
Oscar,4/26/1991,"$47,181,395 ",John Landis,0,4.227,0,,0,0,1,0,0,0,0,0,1,0,0,0,0,0,0,0,0
The Parent Trap,7/29/1998,"$119,185,667 ",Nancy Meyers,0,4.078,0,,0,0,1,0,0,0,0,0,1,0,0,0,0,0,0,0,0
Primeval,1/12/2007,"$12,985,302 ",Michael Katleman,0,2.838,0,,0,0,0,0,1,0,1,0,0,0,0,0,0,0,0,0,0
The Lone Ranger,7/2/2013,"$92,597,388 ",Gore Verbinski,0,5.365,0,,0,0,0,1,0,0,0,0,0,0,0,0,0,0,0,0,1
"Monsters, Inc.",11/2/2001,"$416,073,179 ",Pete Docter,0,9.735,0,,1,0,0,0,0,0,1,0,0,0,0,0,0,0,0,0,0
Reign of Fire,2/19/2002,"$62,480,631 ",Rob Bowman,0,5.394,0,,0,0,0,1,0,1,0,0,0,0,0,0,0,0,0,0,0
Running Brave,11/4/1983,"$3,223,725 ",Donald Shebib,0,1.506,0,,0,0,0,0,0,0,0,0,0,0,0,1,0,0,0,0,0
Dinosaur,5/19/2000,"$215,438,985 ",Ralph Zondag,11,2.076,1,6.443181818,0,0,1,0,0,0,1,0,0,0,0,0,0,0,0,0,0
Rushmore,12/11/1998,"$28,392,518 ",Wes Anderson,0,8.573,0,,0,0,0,0,1,0,0,1,0,0,0,0,0,0,0,0,0
Freaky Friday,1/21/1977,"$98,067,733 ",Mark Waters,0,2.789,0,,0,0,0,0,0,0,0,0,1,0,0,0,0,0,0,0,0
The 13th Warrior,8/27/1999,"$54,262,148 ",John McTiernan,0,7.547,0,,0,0,0,0,1,1,0,0,0,0,0,0,0,0,0,0,0
Brave,6/22/2012,"$251,292,441 ",Brenda Chapman,0,4.54,0,,0,0,1,0,0,0,1,0,0,0,0,0,0,0,0,0,0
Eight Below,2/17/2006,"$105,037,235 ",Frank Marshall,0,3.076,0,,0,0,1,0,0,0,1,0,0,0,0,0,0,0,0,0,0
Gake no ue no Ponyo,8/14/2009,"$16,961,607 ",Hayao Miyazaki,0,9.373,0,,1,0,0,0,0,0,1,0,0,0,0,0,0,0,0,0,0
Queen of Katwe,9/23/2016,"$8,874,389 ",Mira Nair,0,2.758,0,,0,0,1,0,0,0,0,0,0,0,0,1,0,0,0,0,0
Straight Talk,4/3/1992,"$43,068,356 ",Barnet Kellman,0,1.294,0,,0,0,1,0,0,0,0,0,1,0,0,0,0,0,0,0,0
Holy Man,10/9/1998,"$21,694,605 ",Stephen Herek,0,7.521,0,,0,0,1,0,0,0,0,0,1,0,0,0,0,0,0,0,0
The Sorcerer's Apprentice,7/14/2010,"$67,473,105 ",Jon Turteltaub,0,5.327,0,,0,0,1,0,0,0,1,0,0,0,0,0,0,0,0,0,0
Stella,2/2/1990,"$40,077,147 ",John Erman,0,2.587,0,,0,0,0,1,0,0,0,0,0,0,0,1,0,0,0,0,0
An American Werewolf in Paris,12/25/1997,"$48,546,161 ",Anthony Waller,0,1.503,0,,0,0,0,0,1,0,0,0,0,0,0,0,1,0,0,0,0
The Mighty Ducks,10/2/1992,"$103,120,810 ",Stephen Herek,0,7.521,0,,0,0,1,0,0,0,0,0,1,0,0,0,0,0,0,0,0
Tall Tale,3/24/1995,"$15,983,331 ",Jeremiah S. Chechik,0,2.864,0,,0,0,1,0,0,0,0,0,0,0,0,0,0,0,0,0,1
Tangled,11/24/2010,"$214,388,548 ",Nathan Greno,7,2.598,1,10.78642857,0,0,1,0,0,0,1,0,0,0,0,0,0,0,0,0,0
Ed Wood,9/30/1994,"$12,042,634 ",Tim Burton,0,15.462,0,,0,0,0,0,1,0,0,0,1,0,0,0,0,0,0,0,0
The Jerky Boys,2/3/1995,"$14,641,561 ",James Melkonian,0,0.753,0,,0,0,0,0,1,0,0,0,1,0,0,0,0,0,0,0,0
The Rich Man's Wife,9/13/1996,"$16,284,619 ",Amy Holden Jones,0,2.384,0,,0,0,0,0,1,0,0,0,0,0,0,0,0,0,0,1,0
"20,000 Leagues Under the Sea",12/23/2054,"$528,279,994 ",Richard Fleischer,0,3.326,0,,0,0,0,0,0,0,1,0,0,0,0,0,0,0,0,0,0
Super Mario Bros.,5/28/1993,"$42,445,058 ",Annabel Jankel,0,1.102,0,,0,0,1,0,0,1,0,0,0,0,0,0,0,0,0,0,0
The Proposal,6/19/2009,"$184,288,829 ",Anne Fletcher,0,4.963,0,,0,0,0,1,0,0,0,0,0,0,0,0,0,0,1,0,0
Race to Witch Mountain,3/13/2009,"$75,501,997 ",Andy Fickman,0,4.319,0,,0,0,1,0,0,0,1,0,0,0,0,0,0,0,0,0,0
The Adventures of Huck Finn,4/2/1993,"$49,080,505 ",Stephen Sommers,0,4.756,0,,0,0,1,0,0,0,1,0,0,0,0,0,0,0,0,0,0
Jefferson in Paris,3/31/1995,"$4,770,461 ",James Ivory,0,3.228,0,,0,0,0,1,0,0,0,0,0,0,0,1,0,0,0,0,0
The Jungle Book,4/15/2016,"$364,001,123 ",Vitaliy Versace,0,1.705,0,,0,0,1,0,0,0,1,0,0,0,0,0,0,0,0,0,0
Sky High,7/29/2005,"$84,088,854 ",Mike Mitchell,0,5.746,0,,0,0,1,0,0,0,1,0,0,0,0,0,0,0,0,0,0
Toy Story 2,11/19/1999,"$404,450,426 ",John Lasseter,0,4.98,0,,1,0,0,0,0,0,1,0,0,0,0,0,0,0,0,0,0
The Rescuers,6/22/1977,"$159,743,914 ",Wolfgang Reitherman,14,5.595,1,4.460153846,0,0,0,0,0,0,1,0,0,0,0,0,0,0,0,0,0
Remember the Titans,9/29/2000,"$180,742,479 ",Boaz Yakin,0,7.444,0,,0,0,1,0,0,0,0,0,0,0,0,1,0,0,0,0,0
A Lot Like Love,4/22/2005,"$28,716,947 ",Nigel Cole,0,2.167,0,,0,0,0,1,0,0,0,0,1,0,0,0,0,0,0,0,0
3 Ninjas,8/7/1992,"$58,965,304 ",Jon Turteltaub,0,5.327,0,,0,0,1,0,0,1,0,0,0,0,0,0,0,0,0,0,0
Flight of the Navigator,7/30/1986,"$42,183,197 ",Randal Kleiser,0,2.951,0,,0,0,0,0,0,0,1,0,0,0,0,0,0,0,0,0,0
America's Heart and Soul,7/2/2004,"$426,246 ",Louis Schwartsberg,0,0.6,0,,0,1,0,0,0,0,0,0,0,0,1,0,0,0,0,0,0
Swing Vote,8/1/2008,"$19,125,841 ",Joshua Michael Stern,0,0.6,0,,0,0,0,1,0,0,0,0,1,0,0,0,0,0,0,0,0
The Straight Story,10/15/1999,"$10,111,144 ",David Lynch,0,13.568,0,,1,0,0,0,0,0,0,0,0,0,0,1,0,0,0,0,0
The Kid,7/7/2000,"$108,993,148 ",Jon Turteltaub,0,5.327,0,,0,0,1,0,0,0,0,0,1,0,0,0,0,0,0,0,0
Enchanted,11/21/2007,"$156,074,310 ",Kevin Lima,6,1.98,1,13.94408333,0,0,1,0,0,0,0,0,0,0,0,0,0,0,1,0,0
Zootopia,3/4/2016,"$341,268,248 ",Byron Howard,22,5.836,1,9.427190476,0,0,1,0,0,0,1,0,0,0,0,0,0,0,0,0,0
I'll Be Home For Christmas,11/13/1998,"$21,941,840 ",Arlene Sanford,0,2.586,0,,0,0,1,0,0,0,0,0,1,0,0,0,0,0,0,0,0
The War at Home,11/20/1996,"$65,543 ",Emilio Estevez,0,8.473,0,,0,0,0,0,1,0,0,0,0,0,0,0,0,0,0,0,0
Peter Pan: Return to Neverland,2/15/2002,"$70,269,715 ",Robin Budd,0,1.4,0,,1,0,0,0,0,0,1,0,0,0,0,0,0,0,0,0,0
Ratatouille,6/29/2007,"$252,955,933 ",Brad Bird,0,11.798,0,,1,0,0,0,0,0,0,0,1,0,0,0,0,0,0,0,0
Secretariat,10/8/2010,"$63,781,920 ",Randall Wallace,0,2.173,0,,0,0,1,0,0,0,0,0,0,0,0,1,0,0,0,0,0
Medicine Man,2/7/1992,"$91,304,495 ",John McTiernan,0,7.547,0,,0,0,0,1,0,0,0,0,0,0,0,1,0,0,0,0,0
A Thousand Acres,9/19/1997,"$14,561,324 ",Jocelyn Moorhouse,0,0.825,0,,0,0,0,0,1,0,0,0,0,0,0,1,0,0,0,0,0
Mission to Mars,3/10/2000,"$95,208,344 ",Brian De Palma,0,7.493,0,,0,0,1,0,0,0,1,0,0,0,0,0,0,0,0,0,0
Brother Bear,10/24/2003,"$119,218,333 ",Robert Walker,7,4.898,1,8.206357143,1,0,0,0,0,0,1,0,0,0,0,0,0,0,0,0,0
Snow White and the Seven Dwarfs,12/21/2037,"$5,228,953,251 ",David Hand,12,6.927,1,2.182,1,0,0,0,0,0,0,0,0,0,0,0,0,1,0,0,0
Toy Story 3,6/18/2010,"$443,408,255 ",Lee Unkrich,0,1.708,0,,1,0,0,0,0,0,1,0,0,0,0,0,0,0,0,0,0
Miracle,2/6/2004,"$87,392,478 ",Gavin O'Connor,0,4.672,0,,0,0,1,0,0,0,0,0,0,0,0,1,0,0,0,0,0
My Favorite Martian,2/12/1999,"$61,150,849 ",Donald Petrie,0,5.065,0,,0,0,1,0,0,0,0,0,1,0,0,0,0,0,0,0,0
Benji the Hunted,6/5/1987,"$32,798,382 ",Joe Camp,0,0.6,0,,0,0,0,0,0,0,1,0,0,0,0,0,0,0,0,0,0
A Far Off Place,3/12/1993,"$26,248,558 ",Mikael Salomon,0,3.328,0,,0,0,1,0,0,0,1,0,0,0,0,0,0,0,0,0,0
Old Dogs,11/25/2009,"$55,503,929 ",Walt Becker,0,2.296,0,,0,0,1,0,0,0,0,0,1,0,0,0,0,0,0,0,0
Alice in Wonderland,3/5/2010,"$357,063,499 ",Clyde Geronimi,18,7.039,1,4.291333333,0,0,1,0,0,0,1,0,0,0,0,0,0,0,0,0,0
The Little Mermaid,11/15/1989,"$223,726,012 ",Ron Clements,20,2.526,1,5.9835,1,0,0,0,0,0,1,0,0,0,0,0,0,0,0,0,0
Stick It,4/28/2006,"$34,634,731 ",Jessica Bendinger,0,0.652,0,,0,0,0,1,0,0,0,0,1,0,0,0,0,0,0,0,0
Funny Bones,3/31/1995,"$1,025,425 ",Peter Chelsom,0,1.96,0,,0,0,0,0,1,0,0,0,1,0,0,0,0,0,0,0,0
Cars,6/9/2006,"$314,140,384 ",John Lasseter,0,4.98,0,,1,0,0,0,0,0,0,0,1,0,0,0,0,0,0,0,0
Bicentennial Man,12/17/1999,"$94,838,225 ",Chris Columbus,0,7.679,0,,0,0,1,0,0,0,0,0,0,0,0,1,0,0,0,0,0
Chimpanzee,4/20/2012,"$30,675,725 ",Alastair Fothergill,0,2.158,0,,1,0,0,0,0,0,0,0,0,0,1,0,0,0,0,0,0
The Apple Dumpling Gang,7/1/1975,"$131,246,872 ",Norman Tokar,0,2.024,0,,0,0,0,0,0,0,0,0,1,0,0,0,0,0,0,0,0
The Other Sister,2/26/1999,"$46,145,331 ",Garry Marshall,0,5.471,0,,0,0,0,1,0,0,0,0,0,0,0,0,0,0,1,0,0
A Simple Twist of Fate,9/2/1994,"$7,035,189 ",Gillies MacKinnon,0,1.4,0,,0,0,0,1,0,0,0,0,0,0,0,1,0,0,0,0,0
Where the Heart Is,2/23/1990,"$2,210,321 ",John Boorman,0,3.136,0,,0,0,0,0,0,0,0,0,1,0,0,0,0,0,0,0,0
Kaze Tachinu,11/8/2013,"$5,367,415 ",Hayao Miyazaki,0,9.373,0,,0,0,0,1,0,0,0,0,0,0,0,1,0,0,0,0,0
Off Beat,4/11/1986,"$11,003,932 ",Michael Dinner,0,4.382,0,,0,0,0,0,0,0,0,0,1,0,0,0,0,0,0,0,0
The Greatest Game Ever Played,9/30/2005,"$20,162,672 ",Bill Paxton,0,11.137,0,,0,0,1,0,0,0,0,0,0,0,0,1,0,0,0,0,0
The Three Musketeers,11/12/1993,"$109,310,377 ",Stephen Herek,0,7.521,0,,0,0,1,0,0,0,1,0,0,0,0,0,0,0,0,0,0
A Civil Action,12/25/1998,"$94,139,530 ",Steven Zaillian,0,3.636,0,,0,0,0,1,0,0,0,0,0,0,0,1,0,0,0,0,0
Walt and El Grupo,9/10/2009,"$23,064 ",Theodore Thomas,0,2.232,0,,0,0,1,0,0,0,0,0,0,0,1,0,0,0,0,0,0
Powder,10/27/1995,"$59,727,216 ",Victor Salva,0,8.087,0,,0,0,0,1,0,0,0,0,0,0,0,1,0,0,0,0,0
1492: Conquest of Paradise,10/9/1992,"$14,421,454 ",Ridley Scott,0,10.705,0,,0,0,0,1,0,0,1,0,0,0,0,0,0,0,0,0,0
The Cemetery Club,2/3/1993,"$11,369,541 ",Bill Duke,0,9.093,0,,0,0,0,1,0,0,0,0,1,0,0,0,0,0,0,0,0
Stay Alive,3/24/2006,"$29,712,825 ",William Brent Bell,0,1.546,0,,0,0,0,1,0,0,0,0,0,0,0,0,1,0,0,0,0
That Darn Cat,2/14/1997,"$33,613,158 ",Bob Spiers,0,1.588,0,,0,0,1,0,0,0,0,0,1,0,0,0,0,0,0,0,0
The Muppet Christmas Carol,12/11/1992,"$55,417,615 ",Brian Henson,0,4.407,0,,1,0,0,0,0,0,0,0,1,0,0,0,0,0,0,0,0
Step Up 2 the Streets,2/14/2008,"$68,118,371 ",Jon M. Chu,0,3.146,0,,0,0,0,1,0,0,0,0,0,0,0,1,0,0,0,0,0
Fantasia 2000 (Theatrical Release),6/16/2000,"$14,238,144 ",Don Hahn,0,1.4,0,,1,0,0,0,0,0,0,0,0,0,0,0,0,1,0,0,0
The Santa Clause 2,11/1/2002,"$201,959,095 ",Michael Lembeck,0,3.227,0,,1,0,0,0,0,0,0,0,1,0,0,0,0,0,0,0,0
The Recruit,1/31/2003,"$73,793,522 ",Roger Donaldson,0,2.601,0,,0,0,0,1,0,0,0,0,0,0,0,0,0,0,0,1,0
Money for Nothing,9/10/1993,"$2,127,496 ",RamÃÂÃÂ³n MenÃÂÃÂ©ndez,0,0,0,,0,0,0,0,1,0,0,0,1,0,0,0,0,0,0,0,0
Bad Company,1/20/1995,"$6,829,092 ",Damian Harris,0,2.631,0,,0,0,0,0,1,0,0,0,0,0,0,0,0,0,0,1,0
I Love Trouble,6/29/1994,"$63,651,027 ",Charles Shyer,0,5.181,0,,0,0,1,0,0,0,0,0,0,0,0,0,0,0,1,0,0
The Absent Minded Professor,3/16/2061,"$310,094,574 ",Robert Stevenson,0,6.191,0,,0,0,0,0,0,0,0,0,1,0,0,0,0,0,0,0,0
Jungle 2 Jungle,3/7/1997,"$110,058,379 ",John Pasquin,0,2.501,0,,0,0,1,0,0,0,0,0,1,0,0,0,0,0,0,0,0
Tex,11/19/1982,"$20,643,199 ",James Lapine,0,1.553,0,,0,0,0,0,0,0,0,0,0,0,0,1,0,0,0,0,0
Life With Mikey,6/4/1993,"$25,146,538 ",James Lapine,0,1.553,0,,0,0,1,0,0,0,0,0,1,0,0,0,0,0,0,0,0
Gone Fishin',5/30/1997,"$36,265,379 ",Christopher Cain,0,2.924,0,,0,0,1,0,0,0,0,0,1,0,0,0,0,0,0,0,0
Rogue One: A Star Wars Story,12/16/2016,"$529,483,936 ",Raymond Montemayor,0,0.6,0,,0,0,0,1,0,0,1,0,0,0,0,0,0,0,0,0,0
The Marrying Man,4/5/1991,"$24,939,118 ",Jerry Rees,0,0.6,0,,0,0,0,0,1,0,0,0,0,0,0,0,0,0,1,0,0
Bubble Boy,8/24/2001,"$7,450,434 ",Blair Hayes,0,1.566,0,,0,0,0,1,0,0,0,0,1,0,0,0,0,0,0,0,0
Baby: Secret of the Lost Legend,3/22/1985,"$33,900,697 ",Bill L. Norton,0,2.597,0,,0,0,0,0,0,0,1,0,0,0,0,0,0,0,0,0,0
The Fox and the Hound,7/10/1981,"$133,118,889 ",Art Stevens,10,1.099,1,5.57185,0,0,0,0,0,0,0,0,1,0,0,0,0,0,0,0,0
High Heels and Low Lifes,10/26/2001,"$337,782 ",Mel Smith,0,5.88,0,,0,0,0,0,1,0,0,0,0,0,0,0,0,0,0,0,0
The Tie That Binds,9/8/1995,"$11,167,895 ",Wesley Strick,0,7.224,0,,0,0,0,0,1,0,0,0,0,0,0,0,0,0,0,1,0
John Carter,3/9/2012,"$77,372,445 ",Andrew Stanton,0,6.336,0,,0,0,0,1,0,0,1,0,0,0,0,0,0,0,0,0,0
Blank Check,2/11/1994,"$63,170,804 ",Rupert Wainwright,0,1.878,0,,0,0,1,0,0,0,0,0,1,0,0,0,0,0,0,0,0
Guardians of the Galaxy,8/1/2014,"$343,771,168 ",James Gunn,0,11.026,0,,0,0,0,1,0,0,1,0,0,0,0,0,0,0,0,0,0
Star Wars Ep. VII: The Force Awakens,12/18/2015,"$936,662,225 ",J.J. Abrams,0,7.315,0,,0,0,0,1,0,0,1,0,0,0,0,0,0,0,0,0,0
A Goofy Movie,4/7/1995,"$68,479,579 ",Kevin Lima,4,1.98,1,9.051,1,0,0,0,0,0,0,0,1,0,0,0,0,0,0,0,0
Hocus Pocus,7/16/1993,"$80,147,079 ",Kenny Ortega,0,4.487,0,,0,0,1,0,0,0,0,0,1,0,0,0,0,0,0,0,0
PeteÃÂ¢ÃÂÃÂs Dragon,8/12/2016,"$76,233,151 ",David Lowery,0,4.231,0,,0,0,1,0,0,0,1,0,0,0,0,0,0,0,0,0,0
Night Crossing,2/5/1982,"$12,903,059 ",Delbert Mann,0,4.443,0,,0,0,0,0,0,0,0,0,0,0,0,1,0,0,0,0,0
Lilo & Stitch,6/21/2002,"$211,506,702 ",Chris Sanders,11,5.246,1,9.006454545,0,0,1,0,0,0,1,0,0,0,0,0,0,0,0,0,0
Metro,1/17/1997,"$58,804,106 ",Thomas Carter,0,2.796,0,,0,0,0,0,1,1,0,0,0,0,0,0,0,0,0,0,0
National Treasure,11/19/2004,"$234,069,353 ",Jon Turteltaub,0,5.327,0,,0,0,1,0,0,0,1,0,0,0,0,0,0,0,0,0,0
Shanghai Noon,5/26/2000,"$89,042,541 ",Tom Dey,0,2.078,0,,0,0,0,1,0,0,0,0,0,0,0,0,0,0,0,0,1
Dangerous Minds,8/11/1995,"$164,552,293 ",John N. Smith,0,0.633,0,,0,0,0,0,1,0,0,0,0,0,0,1,0,0,0,0,0
The Distinguished Gentleman,12/4/1992,"$94,349,900 ",Jonathan Lynn,0,5.576,0,,0,0,0,0,1,0,0,0,1,0,0,0,0,0,0,0,0
The Secret World of Arietty,2/17/2012,"$20,325,733 ",Hiromasa Yonebayashi,0,2.962,0,,1,0,0,0,0,0,1,0,0,0,0,0,0,0,0,0,0
The Princess Diaries,8/3/2001,"$161,218,928 ",Garry Marshall,0,5.471,0,,1,0,0,0,0,0,0,0,1,0,0,0,0,0,0,0,0
Step Up 3D,8/6/2010,"$45,302,137 ",Jon M. Chu,0,3.146,0,,0,0,0,1,0,0,0,0,0,0,0,1,0,0,0,0,0
Underdog,8/3/2007,"$53,619,462 ",Frederik Du Chau,0,1.4,0,,0,0,1,0,0,0,1,0,0,0,0,0,0,0,0,0,0
Red Rock West,1/28/1994,"$5,170,709 ",John Dahl,0,6.208,0,,0,0,0,0,1,0,0,0,0,0,0,0,0,0,0,0,0
Captain America: Civil War,5/6/2016,"$408,084,349 ",Allan McLeod,0,2.895,0,,0,0,0,1,0,1,0,0,0,0,0,0,0,0,0,0,0
Mr. Wrong,2/16/1996,"$24,422,334 ",Nick Castle,0,9.837,0,,0,0,0,1,0,0,0,0,0,0,0,0,0,0,1,0,0
Nixon,12/20/1995,"$26,302,005 ",Daniel Petrie,0,2.463,0,,0,0,0,0,1,0,0,0,0,0,0,1,0,0,0,0,0
The Ref,3/9/1994,"$23,401,275 ",Ted Demme,0,2.169,0,,0,0,0,0,1,0,0,0,1,0,0,0,0,0,0,0,0
The Santa Clause 3: The Escape Clause,11/3/2006,"$108,694,869 ",Michael Lembeck,0,3.227,0,,1,0,0,0,0,0,0,0,1,0,0,0,0,0,0,0,0
Ice Princess,3/18/2005,"$32,064,685 ",Tim Fywell,0,1.952,0,,1,0,0,0,0,0,0,0,1,0,0,0,0,0,0,0,0
King Arthur,7/7/2004,"$70,423,706 ",Antoine Fuqua,0,6.842,0,,0,0,0,1,0,0,1,0,0,0,0,0,0,0,0,0,0
Nothing To Lose,7/18/1997,"$81,692,095 ",Steve Oedekerk,0,6.836,0,,0,0,0,0,1,0,0,0,1,0,0,0,0,0,0,0,0
Herbie: Fully Loaded,6/22/2005,"$86,812,798 ",Angela Robinson,0,2.856,0,,1,0,0,0,0,0,0,0,1,0,0,0,0,0,0,0,0
Father of the Bride,12/20/1991,"$179,821,881 ",Charles Shyer,0,5.181,0,,0,0,1,0,0,0,0,0,1,0,0,0,0,0,0,0,0
You Again,9/24/2010,"$27,461,121 ",Andy Fickman,0,4.319,0,,0,0,1,0,0,0,0,0,1,0,0,0,0,0,0,0,0
Treasure Planet,11/27/2002,"$55,189,145 ",Ron Clements,12,2.526,1,9.263916667,0,0,1,0,0,0,1,0,0,0,0,0,0,0,0,0,0
The Great Mouse Detective,7/2/1986,"$53,637,367 ",Ron Clements,13,2.526,1,5.480230769,0,0,0,0,0,0,1,0,0,0,0,0,0,0,0,0,0
Cinderella,3/13/2015,"$201,151,353 ",Wilfred Jackson,15,6.437,1,4.3458,0,0,1,0,0,0,0,0,0,0,0,1,0,0,0,0,0
Frozen,11/22/2013,"$414,997,174 ",Chris Buck,8,2.027,1,9.6255,0,0,1,0,0,0,1,0,0,0,0,0,0,0,0,0,0
Pirates of the Caribbean: On StrangerÃÂ¢ÃÂÃÂ¦,5/20/2011,"$256,263,359 ",Rob Marshall,0,2.366,0,,0,0,0,1,0,0,1,0,0,0,0,0,0,0,0,0,0
Zokkomon,4/22/2011,"$2,984 ",Satyajit Bhatkal,0,0.728,0,,0,0,1,0,0,0,1,0,0,0,0,0,0,0,0,0,0
Gross Anatomy,10/20/1989,"$23,972,012 ",Thom Eberhardt,0,1.454,0,,0,0,0,1,0,0,0,0,0,0,0,1,0,0,0,0,0
The Incredibles,11/5/2004,"$354,488,708 ",Brad Bird,0,11.798,0,,0,0,1,0,0,0,1,0,0,0,0,0,0,0,0,0,0
Frank McKlusky C.I.,1/1/2002,$0 ,Arlene Sanford,0,2.586,0,,0,0,0,0,0,0,0,0,0,0,0,0,0,0,0,0,0
Taking Care of Business,8/17/1990,"$39,963,460 ",Arthur Hiller,0,3.683,0,,0,0,0,0,1,0,0,0,1,0,0,0,0,0,0,0,0
Tim Burton's The Nightmare Before ChrÃÂ¢ÃÂÃÂ¦,10/20/2006,"$30,737,517 ",Henry Selick,0,2.842,0,,0,0,1,0,0,0,0,0,0,0,0,0,0,1,0,0,0
Cocktail,7/29/1988,"$160,442,289 ",Roger Donaldson,0,2.601,0,,0,0,0,0,1,0,0,0,0,0,0,1,0,0,0,0,0
Gun Shy,2/4/2000,"$2,562,155 ",Eric Blakeney,0,0.6,0,,0,0,0,0,1,0,0,0,1,0,0,0,0,0,0,0,0
Mr. Destiny,10/12/1990,"$30,722,056 ",James Orr,0,2.391,0,,0,0,0,1,0,0,0,0,1,0,0,0,0,0,0,0,0
Herbie Goes to Monte Carlo,6/24/1977,"$105,847,527 ",Vincent McEveety,0,5.6,0,,0,0,0,0,0,0,0,0,0,0,0,0,0,0,0,0,0
Evita,12/25/1996,"$92,077,628 ",Alan Parker,0,4.116,0,,0,0,1,0,0,0,0,0,0,0,0,0,0,1,0,0,0
Dark Water,7/8/2005,"$33,500,491 ",Walter Salles,0,4.081,0,,0,0,0,1,0,0,0,0,0,0,0,0,0,0,0,1,0
Piglet's Big Movie,3/21/2003,"$32,298,812 ",Francis Glebas,0,3.065,0,,1,0,0,0,0,0,0,0,1,0,0,0,0,0,0,0,0
Kazaam,7/17/1996,"$36,009,655 ",Paul Michael Glaser,0,4.305,0,,0,0,1,0,0,0,0,0,1,0,0,0,0,0,0,0,0
DÃÂÃÂ©jÃÂÃÂ  Vu,11/22/2006,"$82,267,038 ",Tony Scott,0,5.527,0,,0,0,0,1,0,0,0,0,0,0,0,0,0,0,0,1,0
Waking Sleeping Beauty,3/26/2010,"$86,264 ",Don Hahn,0,1.4,0,,0,0,1,0,0,0,0,0,0,0,1,0,0,0,0,0,0
The Count of Monte Cristo,1/25/2002,"$78,682,079 ",Kevin Reynolds,0,3.504,0,,0,0,0,1,0,0,0,0,0,0,0,1,0,0,0,0,0
The Program,9/24/1993,"$46,919,256 ",David S. Ward,0,3.261,0,,0,0,0,0,1,1,0,0,0,0,0,0,0,0,0,0,0
When in Rome,1/29/2010,"$34,917,330 ",Mark Steven Johnson,0,4.096,0,,0,0,0,1,0,0,0,0,0,0,0,0,0,0,1,0,0
Born Yesterday,3/26/1993,"$36,165,012 ",Luis Mandoki,0,1.4,0,,0,0,1,0,0,0,0,0,0,0,0,0,0,0,1,0,0
The Alamo,4/9/2004,"$30,416,359 ",John Lee Hancock,0,6.387,0,,0,0,0,1,0,0,0,0,0,0,0,0,0,0,0,0,1
Mad Love,5/26/1995,"$29,934,306 ",Antonia Bird,0,2.599,0,,0,0,0,1,0,0,0,0,0,0,0,1,0,0,0,0,0
Armageddon,7/1/1998,"$362,324,957 ",Michael Bay,0,11.936,0,,0,0,0,1,0,0,1,0,0,0,0,0,0,0,0,0,0
Air Bud,8/1/1997,"$45,266,588 ",Charles Martin Smith,0,9.369,0,,0,0,1,0,0,0,0,0,1,0,0,0,0,0,0,0,0
Fire Birds,5/24/1990,"$29,485,923 ",David Green,0,0.6,0,,0,0,0,1,0,1,0,0,0,0,0,0,0,0,0,0,0
The Black Cauldron,7/24/1985,"$50,553,142 ",Ted Berman,13,2.569,1,4.319769231,0,0,0,0,0,0,1,0,0,0,0,0,0,0,0,0,0
Oz the Great and Powerful,3/8/2013,"$243,434,130 ",Sam Raimi,0,8.064,0,,0,0,1,0,0,0,1,0,0,0,0,0,0,0,0,0,0
Two Much,3/15/1996,"$2,057,055 ",Fernando Trueba,0,1.166,0,,0,0,0,1,0,0,0,0,0,0,0,0,0,0,1,0,0
102 Dalmatians,11/22/2000,"$104,055,039 ",Kevin Lima,0,1.98,0,,1,0,0,0,0,0,0,0,1,0,0,0,0,0,0,0,0
The Pacifier,3/4/2005,"$148,619,029 ",Adam Shankman,0,3.366,0,,0,0,1,0,0,0,0,0,1,0,0,0,0,0,0,0,0
Prom,4/29/2011,"$10,768,946 ",Joe Nussbaum,0,6.253,0,,0,0,1,0,0,0,0,0,1,0,0,0,0,0,0,0,0
Un indien dans la ville,3/22/1996,"$1,963,937 ",HervÃÂ© Palud,0,0.98,0,,0,0,1,0,0,0,0,0,1,0,0,0,0,0,0,0,0
Annapolis,1/27/2006,"$22,044,113 ",Justin Lin,0,8.882,0,,0,0,0,1,0,0,0,0,0,0,0,1,0,0,0,0,0
The Country Bears,7/26/2002,"$24,650,121 ",Peter Hastings,4,1.423,1,11.95075,1,0,0,0,0,0,1,0,0,0,0,0,0,0,0,0,0
Planes: Fire and Rescue,7/18/2014,"$61,040,349 ",Roberts Gannaway,0,2.878,0,,0,0,1,0,0,0,1,0,0,0,0,0,0,0,0,0,0
Tin Men,3/6/1987,"$54,787,202 ",Barry Levinson,0,4.682,0,,0,0,0,0,0,0,0,0,1,0,0,0,0,0,0,0,0
Renaissance Man,6/3/1994,"$49,945,474 ",Penny Marshall,0,2.772,0,,0,0,0,1,0,0,0,0,1,0,0,0,0,0,0,0,0
Playing God,10/17/1997,"$7,652,965 ",Andy Wilson,0,1.38,0,,0,0,0,0,1,0,0,0,0,0,0,0,0,0,0,1,0
Phenomenon,7/5/1996,"$199,559,799 ",Jon Turteltaub,0,5.327,0,,0,0,1,0,0,0,0,0,0,0,0,1,0,0,0,0,0
Gnomeo and Juliet,2/11/2011,"$106,270,797 ",Kelly Asbury,0,7.795,0,,1,0,0,0,0,0,0,0,1,0,0,0,0,0,0,0,0
The Color of Money,10/17/1986,"$117,957,323 ",Martin Scorsese,0,13.891,0,,0,0,0,0,1,0,0,0,0,0,0,1,0,0,0,0,0
Blackbeard's Ghost,2/8/2068,"$138,612,686 ",Robert Stevenson,0,6.191,0,,0,0,0,0,0,0,0,0,1,0,0,0,0,0,0,0,0
Ernest Scared Stupid,10/11/1991,"$28,320,147 ",John R. Cherry III,0,1.48,0,,0,0,1,0,0,0,0,0,1,0,0,0,0,0,0,0,0
The Emperor's New Groove,12/15/2000,"$136,789,252 ",Mark Dindal,8,2.026,1,10.868375,1,0,0,0,0,0,1,0,0,0,0,0,0,0,0,0,0
Double Take,1/12/2001,"$44,418,589 ",George Gallo,0,5.445,0,,0,0,0,1,0,1,0,0,0,0,0,0,0,0,0,0,0
Rocket Man,10/10/1997,"$28,371,890 ",Stuart Gillard,0,3.466,0,,0,0,1,0,0,0,0,0,1,0,0,0,0,0,0,0,0
Mulan,6/19/1998,"$216,807,832 ",Barry Cook,16,1.4,1,7.517466667,1,0,0,0,0,0,1,0,0,0,0,0,0,0,0,0,0
Song of the South,11/12/2046,"$1,078,510,579 ",Wilfred Jackson,3,6.437,1,3.119333333,1,0,0,0,0,0,1,0,0,0,0,0,0,0,0,0,0
The Black Hole,12/21/1979,"$120,377,374 ",Gary Nelson,0,1.674,0,,0,0,0,0,0,0,0,0,0,0,0,0,0,0,0,0,0
Raising Helen,5/28/2004,"$50,886,144 ",Garry Marshall,0,5.471,0,,0,0,0,1,0,0,0,0,1,0,0,0,0,0,0,0,0
A Gun in Betty Lou's Handbag,8/21/1992,"$7,295,423 ",Allan Moyle,0,2.221,0,,0,0,0,1,0,0,0,0,0,0,0,0,0,0,0,0,0
The Air Up There,1/7/1994,"$42,940,186 ",Paul Michael Glaser,0,4.305,0,,0,0,1,0,0,0,0,0,1,0,0,0,0,0,0,0,0
Roommates,3/3/1995,"$23,404,369 ",Peter Yates,0,1.938,0,,0,0,1,0,0,0,0,0,1,0,0,0,0,0,0,0,0
Morning Light,10/17/2008,"$322,979 ",Mark Monroe,0,1.692,0,,0,0,1,0,0,0,0,0,0,0,1,0,0,0,0,0,0
Valiant,8/19/2005,"$25,616,292 ",Gary Chapman,0,0.6,0,,1,0,0,0,0,0,1,0,0,0,0,0,0,0,0,0,0
Down and Out in Beverly Hills,1/31/1986,"$141,183,693 ",Paul Mazursky,0,3.252,0,,0,0,0,0,1,0,0,0,1,0,0,0,0,0,0,0,0
Tarzan,6/16/1999,"$283,900,254 ",Chris Buck,10,2.027,1,7.9746,1,0,0,0,0,0,1,0,0,0,0,0,0,0,0,0,0
The Royal Tenenbaums,12/14/2001,"$76,758,193 ",Wes Anderson,0,8.573,0,,0,0,0,0,1,0,0,1,0,0,0,0,0,0,0,0,0
James and the Giant Peach,4/12/1996,"$55,159,783 ",Henry Selick,0,2.842,0,,0,0,1,0,0,0,1,0,0,0,0,0,0,0,0,0,0
"Mystery, Alaska",10/1/1999,"$14,755,189 ",Jay Roach,0,6.67,0,,0,0,0,0,1,0,0,0,1,0,0,0,0,0,0,0,0
Last Dance,5/3/1996,"$11,171,714 ",Bruce Beresford,0,2.605,0,,0,0,0,0,1,0,0,0,0,0,0,1,0,0,0,0,0
My Science Project,8/9/1985,"$9,736,051 ",Jonathan R. Betuel,0,0.98,0,,0,0,0,0,0,0,0,0,1,0,0,0,0,0,0,0,0
Homeward Bound II: Lost in San FrancÃÂ¢ÃÂÃÂ¦,3/8/1996,"$62,384,706 ",David R. Ellis,0,3.196,0,,1,0,0,0,0,0,1,0,0,0,0,0,0,0,0,0,0
The Muppets,11/23/2011,"$94,189,503 ",James Bobin,0,3.755,0,,0,0,1,0,0,0,0,0,1,0,0,0,0,0,0,0,0
Turner & Hooch,7/28/1989,"$150,176,361 ",Roger Spottiswoode,0,3.486,0,,0,0,1,0,0,0,0,0,1,0,0,0,0,0,0,0,0
Oceans,4/22/2010,"$20,751,600 ",Jacques Perrin,0,4.835,0,,1,0,0,0,0,0,0,0,0,0,1,0,0,0,0,0,0
It's Pat,8/26/1994,"$125,666 ",Adam Bernstein,0,3.002,0,,0,0,0,0,0,0,0,0,1,0,0,0,0,0,0,0,0
The Finest Hours,1/29/2016,"$27,569,558 ",Craig Gillespie,0,3.777,0,,0,0,1,0,0,0,0,0,0,0,0,0,0,0,0,1,0
Shoot to Kill,2/12/1988,"$60,097,074 ",Roger Spottiswoode,0,3.486,0,,0,0,0,0,0,1,0,0,0,0,0,0,0,0,0,0,0
Hannah Montana the Movie,4/10/2009,"$89,443,640 ",Peter Chelsom,0,1.96,0,,1,0,0,0,0,0,0,0,0,0,0,1,0,0,0,0,0
First Kid,8/30/1996,"$50,465,108 ",David M. Evans,0,3.326,0,,0,0,1,0,0,0,0,0,1,0,0,0,0,0,0,0,0
Consenting Adults,10/16/1992,"$43,859,823 ",Alan J. Pakula,0,4.372,0,,0,0,0,0,1,0,0,0,0,0,0,1,0,0,0,0,0
Dan in Real Life,10/20/2007,"$58,350,234 ",Peter Hedges,0,1.616,0,,0,0,0,1,0,0,0,0,0,0,0,0,0,0,1,0,0
Sorority Boys,3/22/2002,"$14,797,862 ",Wallace Wolodarsky,0,5.908,0,,0,0,0,0,1,0,0,0,1,0,0,0,0,0,0,0,0
Simon Birch,9/11/1998,"$32,809,442 ",Mark Steven Johnson,0,4.096,0,,0,0,1,0,0,0,0,0,0,0,0,1,0,0,0,0,0
In the Army Now,8/12/1994,"$59,673,787 ",Daniel Petrie Jr.,0,1.834,0,,0,0,1,0,0,0,0,0,1,0,0,0,0,0,0,0,0
Bad Company,6/7/2002,"$43,756,218 ",Joel Schumacher,0,2.794,0,,0,0,0,1,0,1,0,0,0,0,0,0,0,0,0,0,0
Wreck-It Ralph,11/2/2012,"$200,354,959 ",Rich Moore,21,4.116,1,6.314571429,0,0,1,0,0,0,1,0,0,0,0,0,0,0,0,0,0
Iron Man 3,5/3/2013,"$424,084,233 ",Shane Black,0,5.901,0,,0,0,0,1,0,1,0,0,0,0,0,0,0,0,0,0,0
Cinderella,2/15/2050,"$920,608,730 ",Wilfred Jackson,15,6.437,1,4.3458,1,0,0,0,0,0,0,0,0,0,0,1,0,0,0,0,0
One Magic Christmas,11/22/1985,"$31,415,432 ",Phillip Borsos,0,1.4,0,,0,0,0,0,0,0,0,0,0,0,0,1,0,0,0,0,0
Beverly Hills Chihuahua,10/3/2008,"$110,932,022 ",Raja Gosnell,0,10.047,0,,0,0,1,0,0,0,0,0,1,0,0,0,0,0,0,0,0
WALL-E,6/27/2008,"$262,771,918 ",Andrew Stanton,0,6.336,0,,1,0,0,0,0,0,1,0,0,0,0,0,0,0,0,0,0
Aladdin,11/11/1992,"$441,969,178 ",Ron Clements,14,2.526,1,9.136464286,1,0,0,0,0,0,0,0,1,0,0,0,0,0,0,0,0
Casanova,12/25/2005,"$14,574,087 ",Lasse HallstrÃÂÃÂ¶m,0,0,0,,0,0,0,0,1,0,0,0,0,0,0,1,0,0,0,0,0
Thor: The Dark World,11/8/2013,"$213,962,184 ",Alan Taylor,0,4.043,0,,0,0,0,1,0,0,1,0,0,0,0,0,0,0,0,0,0
Monkey Kingdom,4/17/2015,"$16,432,322 ",Alastair Fothergill,0,2.158,0,,1,0,0,0,0,0,0,0,0,0,1,0,0,0,0,0,0
Ernest Saves Christmas,11/11/1988,"$57,845,202 ",John R. Cherry III,0,1.48,0,,0,0,1,0,0,0,0,0,1,0,0,0,0,0,0,0,0
Hannah Montana/Miley Cyrus: Best of BÃÂ¢ÃÂÃÂ¦,2/1/2008,"$76,646,993 ",Bruce Hendricks,0,1.293,0,,1,0,0,0,0,0,0,0,0,1,0,0,0,0,0,0,0
Saving Mr. Banks,12/13/2013,"$86,249,969 ",John Lee Hancock,0,6.387,0,,0,0,0,1,0,0,0,0,0,0,0,1,0,0,0,0,0
The Aristocats,4/24/2070,"$255,161,499 ",Wolfgang Reitherman,20,5.595,1,4.354,1,0,0,0,0,0,0,0,0,0,0,0,0,1,0,0,0
Calendar Girls,12/19/2003,"$42,379,650 ",Nigel Cole,0,2.167,0,,0,0,0,1,0,0,0,0,1,0,0,0,0,0,0,0,0
Unstrung Heroes,9/15/1995,"$15,365,850 ",Diane Keaton,0,14.941,0,,0,0,1,0,0,0,0,0,0,0,0,1,0,0,0,0,0
Three Fugitives,1/27/1989,"$85,757,817 ",Francis Veber,0,2.696,0,,0,0,0,1,0,0,0,0,1,0,0,0,0,0,0,0,0
Tomorrowland,5/22/2015,"$93,436,322 ",Brad Bird,0,11.798,0,,0,0,1,0,0,0,1,0,0,0,0,0,0,0,0,0,0
The Village,7/30/2004,"$155,021,748 ",M. Night Shyamalan,0,7.184,0,,0,0,0,1,0,0,0,0,0,0,0,0,0,0,0,1,0
"Alexander and the Terrible, Horrible,ÃÂ¢ÃÂÃÂ¦",10/10/2014,"$69,055,550 ",Miguel Arteta,0,2.388,0,,0,0,1,0,0,0,0,0,1,0,0,0,0,0,0,0,0
Arachnophobia,7/18/1990,"$106,290,270 ",Frank Marshall,0,3.076,0,,0,0,0,1,0,0,0,0,0,0,0,0,0,0,0,1,0
Lincoln,11/9/2012,"$192,122,330 ",Steven Spielberg,0,21.12,0,,0,0,0,1,0,0,0,0,0,0,0,1,0,0,0,0,0
The Horse Whisperer,5/15/1998,"$135,497,531 ",Robert Redford,0,14.904,0,,0,0,0,1,0,0,0,0,0,0,0,1,0,0,0,0,0
Muppets Most Wanted,3/21/2014,"$52,807,594 ",James Bobin,0,3.755,0,,0,0,1,0,0,0,0,0,1,0,0,0,0,0,0,0,0
Fantasia 2000 (IMAX),1/1/2000,"$94,852,354 ",Don Hahn,0,1.4,0,,1,0,0,0,0,0,0,0,0,0,0,0,0,1,0,0,0
Spaced Invaders,4/27/1990,"$29,964,452 ",Patrick Read Johnson,0,3.436,0,,0,0,1,0,0,0,0,0,1,0,0,0,0,0,0,0,0
Just Visiting,4/6/2001,"$7,114,869 ",Jean-Marie PoirÃÂÃÂ©,0,0,0,,0,0,0,1,0,0,0,0,1,0,0,0,0,0,0,0,0
Holes,4/18/2003,"$94,203,395 ",Andrew Davis,0,5.167,0,,0,0,1,0,0,0,0,0,0,0,0,1,0,0,0,0,0
The Last Shot,9/24/2004,"$629,502 ",Jeff Nathanson,0,3.933,0,,0,0,0,0,1,0,0,0,1,0,0,0,0,0,0,0,0
The Jungle Book,10/18/2067,"$789,612,346 ",Jon Favreau,0,22.431,0,,0,1,0,0,0,0,0,0,0,0,0,0,0,1,0,0,0
Meet the Robinsons,3/30/2007,"$119,860,589 ",Stephen J. Anderson,16,5.169,1,6.295375,1,0,0,0,0,0,1,0,0,0,0,0,0,0,0,0,0
Dead Poets Society,6/2/1989,"$202,531,517 ",Peter Weir,0,3.431,0,,0,0,1,0,0,0,0,0,0,0,0,1,0,0,0,0,0
Avengers: Age of Ultron,5/1/2015,"$459,005,868 ",Joss Whedon,0,10.768,0,,0,0,0,1,0,1,0,0,0,0,0,0,0,0,0,0,0
Man of the House,3/3/1995,"$77,573,459 ",James Orr,0,2.391,0,,0,0,1,0,0,0,0,0,1,0,0,0,0,0,0,0,0
Bears,4/18/2014,"$18,346,024 ",Alastair Fothergill,0,2.158,0,,1,0,0,0,0,0,0,0,0,0,1,0,0,0,0,0,0
Passed Away,4/24/1992,"$8,187,848 ",Charlie Peters,0,2.612,0,,0,0,0,1,0,0,0,0,0,0,0,0,0,0,0,0,0
ESPN's Ultimate X - The Movie,5/10/2002,"$6,089,874 ",Bruce Hendricks,0,1.293,0,,0,0,1,0,0,0,0,0,0,0,1,0,0,0,0,0,0
Atlantis: The Lost Empire,6/8/2001,"$125,188,122 ",Gary Trousdale,13,4.509,1,8.349692308,0,0,1,0,0,0,1,0,0,0,0,0,0,0,0,0,0
Ernest Goes to Camp,5/22/1987,"$50,686,462 ",John R. Cherry III,0,1.48,0,,0,0,0,0,0,0,0,0,1,0,0,0,0,0,0,0,0
Teacher's Pet: The Movie,1/16/2004,"$8,812,764 ",Timothy BjÃÂ¶rklund,0,1.116,0,,0,0,1,0,0,0,0,0,1,0,0,0,0,0,0,0,0
Spy Hard,5/24/1996,"$51,373,912 ",Rick Friedberg,0,0.6,0,,0,0,0,1,0,0,0,0,1,0,0,0,0,0,0,0,0
Snow Dogs,1/18/2002,"$117,745,317 ",Brian Levant,0,4.179,0,,0,0,1,0,0,0,0,0,1,0,0,0,0,0,0,0,0
Frankenweenie,10/5/2012,"$37,363,513 ",Tim Burton,0,15.462,0,,0,0,1,0,0,0,0,0,1,0,0,0,0,0,0,0,0
Tuck Everlasting,10/11/2002,"$27,789,959 ",Jay Russell,0,3.066,0,,0,0,1,0,0,0,0,0,0,0,0,1,0,0,0,0,0
Hauru no ugoku shiro,6/10/2005,"$6,194,870 ",Hayao Miyazaki,0,9.373,0,,0,0,1,0,0,0,1,0,0,0,0,0,0,0,0,0,0
Gedo Senki (Tales from Earthsea),8/13/2010,"$51,988 ",Goro Miyazaki,0,3.366,0,,0,0,0,1,0,0,1,0,0,0,0,0,0,0,0,0,0
Return to Oz,6/21/1985,"$25,215,934 ",Walter Murch,0,1.819,0,,0,0,0,0,0,0,1,0,0,0,0,0,0,0,0,0,0
Disney's A Christmas Carol,11/6/2009,"$154,927,105 ",Robert Zemeckis,0,9.118,0,,0,0,1,0,0,0,0,0,0,0,0,1,0,0,0,0,0
Prefontaine,1/24/1997,"$1,085,093 ",Steve James,0,2.31,0,,0,0,0,1,0,0,0,0,0,0,0,1,0,0,0,0,0
Beaches,12/21/1988,"$120,381,757 ",Garry Marshall,0,5.471,0,,0,0,0,1,0,0,0,0,0,0,0,1,0,0,0,0,0
101 Dalmatians,1/25/2061,"$1,362,870,985 ",Stephen Herek,0,7.521,0,,1,0,0,0,0,0,0,0,1,0,0,0,0,0,0,0,0
The Last Song,3/31/2010,"$67,258,772 ",Julie Anne Robinson,0,3.122,0,,0,0,1,0,0,0,0,0,0,0,0,1,0,0,0,0,0
Father Hood,8/27/1993,"$6,654,819 ",Darrell James Roodt,0,2.051,0,,0,0,0,1,0,0,0,0,0,0,0,0,0,0,0,0,0
Encino Man,5/22/1992,"$81,369,058 ",Les Mayfield,0,2.766,0,,0,0,1,0,0,0,0,0,1,0,0,0,0,0,0,0,0
Sweet Home Alabama,9/27/2002,"$184,521,151 ",Andy Tennant,0,1.499,0,,0,0,0,1,0,0,0,0,1,0,0,0,0,0,0,0,0
Play it to the Bone,12/24/1999,"$13,180,524 ",Ron Shelton,0,5.884,0,,0,0,0,0,1,0,0,0,1,0,0,0,0,0,0,0,0
The Odd Life of Timothy Green,8/15/2012,"$54,914,942 ",Peter Hedges,0,1.616,0,,0,0,1,0,0,0,0,0,0,0,0,1,0,0,0,0,0
Honey I Blew Up the Kid,7/17/1992,"$119,162,518 ",Randal Kleiser,0,2.951,0,,0,0,1,0,0,0,0,0,1,0,0,0,0,0,0,0,0
Hercules,6/13/1997,"$182,029,412 ",Ron Clements,22,2.526,1,7.349727273,1,0,0,0,0,0,1,0,0,0,0,0,0,0,0,0,0
